일자,역명,합계(승차),합계(하차),04시(승차),04시(하차),5시(승차),5시(하차),6시(승차),6시(하차),7시(승차),7시(하차),8시(승차),8시(하차),9시(승차),9시(하차),10시(승차),10시(하차),11시(승차),11시(하차),12시(승차),12시(하차),13시(승차),13시(하차),14시(승차),14시(하차),15시(승차),15시(하차),16시(승차),16시(하차),17시(승차),17시(하차),18시(승차),18시(하차),19시(승차),19시(하차),20시(승차),20시(하차),21시(승차),21시(하차),22시(승차),22시(하차),23시(승차),23시(하차),00시(승차),00시(하차),01시(승차),01시(하차)
2025-01-01,발곡,1679,1759,16,0,40,32,44,44,54,32,86,53,112,57,116,73,155,79,156,118,157,89,140,137,132,132,109,212,102,145,108,144,65,99,32,90,26,70,14,86,13,39,2,28,0,0
2025-01-01,회룡,4192,4773,7,1,53,147,91,137,87,163,134,251,144,313,169,360,204,470,283,419,217,389,335,392,356,342,382,319,401,273,305,237,275,170,255,143,205,104,158,94,108,29,23,20,0,0
2025-01-01,범골,1454,1367,0,0,22,19,27,18,48,27,94,50,110,47,96,81,124,69,142,70,131,71,114,100,117,103,108,126,93,105,76,128,57,129,44,66,20,66,21,48,7,37,3,7,0,0
2025-01-01,경전철의정부,1585,1960,8,0,50,10,37,33,30,24,35,70,44,73,71,119,70,155,79,189,100,215,114,215,138,170,148,149,120,146,141,136,82,88,69,56,117,53,77,35,37,20,18,4,0,0
2025-01-01,의정부시청,592,643,1,1,11,48,10,30,14,17,36,37,50,41,26,56,36,40,62,48,74,41,58,32,31,36,40,50,42,37,21,25,23,21,18,29,20,19,14,21,5,9,0,5,0,0
2025-01-01,흥선,1231,1279,3,1,47,18,33,27,41,29,54,34,95,32,79,47,89,61,125,57,80,82,111,68,86,113,101,113,78,146,61,102,42,63,29,83,31,74,29,92,10,26,7,11,0,0
2025-01-01,의정부중앙,2435,2304,7,1,108,22,64,39,34,44,38,71,67,119,94,115,105,164,142,199,177,219,224,220,188,210,188,212,208,193,202,140,133,86,156,75,110,63,110,67,61,28,19,17,0,0
2025-01-01,동오,1281,1187,3,0,51,29,46,39,43,21,60,25,78,39,89,49,105,51,90,55,103,68,69,70,88,100,97,121,86,117,73,102,54,79,44,55,54,68,24,58,19,38,5,3,0,0
2025-01-01,새말,837,813,4,1,22,28,28,20,28,16,33,12,45,25,64,27,70,34,79,42,90,43,64,54,57,68,67,63,58,62,30,65,31,63,24,54,20,55,15,37,6,33,2,11,0,0
2025-01-01,경기도청북부청사,1624,1650,3,0,25,38,19,40,26,32,32,68,45,133,66,106,144,96,97,154,114,135,122,127,188,139,125,103,170,131,140,88,72,72,74,42,71,69,73,39,12,25,6,13,0,0
2025-01-01,효자,411,417,3,0,5,20,3,17,5,21,25,11,22,17,28,10,40,16,26,20,39,38,40,32,42,29,28,35,36,38,16,30,9,19,14,15,13,18,13,23,4,8,0,0,0,0
2025-01-01,곤제,711,695,9,0,19,17,14,9,23,18,39,16,73,21,39,36,61,37,59,37,46,42,56,61,54,48,60,69,44,63,28,50,23,39,19,50,15,29,24,28,6,20,0,5,0,0
2025-01-01,어룡,1152,1104,6,0,23,29,28,29,26,34,52,33,64,34,67,34,74,45,98,65,89,70,107,71,76,86,95,84,92,103,72,111,55,70,40,59,31,49,32,55,23,28,2,15,0,0
2025-01-01,송산,1113,1141,10,0,20,20,24,25,37,14,42,38,60,46,70,40,80,55,98,66,117,63,82,98,88,88,95,106,68,105,64,107,43,55,26,67,35,67,36,44,14,26,4,11,0,0
2025-01-01,탑석,803,736,7,0,28,17,21,28,25,13,43,14,60,28,49,35,66,28,74,44,63,40,61,59,70,70,55,65,63,44,35,51,25,52,18,34,17,45,14,34,9,30,0,5,0,0
2025-01-02,발곡,3169,3225,39,0,59,22,157,28,397,67,421,230,251,86,199,102,189,120,197,157,201,153,208,173,180,224,179,245,139,290,147,381,65,361,47,211,41,121,37,129,15,85,1,40,0,0
2025-01-02,회룡,8498,10332,14,5,63,273,104,541,322,1387,556,1361,309,737,284,580,317,593,362,598,467,542,452,507,459,503,741,558,732,617,942,714,964,262,488,191,395,156,301,132,151,54,75,21,0,0
2025-01-02,범골,2899,2673,7,0,61,18,163,24,340,59,460,168,244,85,158,104,172,119,196,138,183,145,157,189,149,200,117,173,142,266,132,274,90,280,48,121,46,131,24,109,9,59,1,11,0,0
2025-01-02,경전철의정부,2752,3166,4,0,25,22,34,54,69,72,142,341,84,362,111,201,201,222,147,236,177,260,213,220,268,196,213,187,259,207,293,266,128,108,128,73,94,61,98,47,48,23,16,8,0,0
2025-01-02,의정부시청,1679,1846,1,0,20,20,32,45,76,93,142,512,83,154,69,80,92,83,67,106,69,80,108,98,118,102,121,81,154,94,333,94,80,61,42,43,52,43,16,29,4,19,0,9,0,0
2025-01-02,흥선,2571,2551,6,0,68,12,74,36,193,83,289,325,191,117,127,122,142,98,205,96,164,134,160,139,175,169,179,173,192,221,181,248,93,197,50,105,38,93,25,113,13,49,6,21,0,0
2025-01-02,의정부중앙,3791,3906,6,1,35,42,62,63,137,79,319,285,145,232,165,267,175,261,254,268,250,303,311,337,338,349,312,278,336,254,265,317,196,187,138,143,133,109,104,78,79,34,31,19,0,0
2025-01-02,동오,2569,2443,4,0,63,32,94,54,230,73,421,126,206,71,153,75,162,153,161,109,150,137,144,136,139,217,156,204,127,197,124,282,61,225,63,123,49,84,43,95,14,32,5,18,0,0
2025-01-02,새말,1873,1667,5,0,32,11,82,18,182,46,342,174,120,45,113,46,111,45,101,82,109,94,132,79,109,108,86,122,108,131,97,187,55,175,32,109,23,76,21,69,10,32,3,18,0,0
2025-01-02,경기도청북부청사,3209,3171,2,0,26,53,71,56,129,114,209,317,120,272,119,159,211,141,176,203,187,182,203,191,311,205,224,259,263,252,376,270,137,188,138,116,138,68,122,68,38,42,9,15,0,0
2025-01-02,효자,1045,1136,5,0,4,20,25,41,55,63,88,274,60,58,63,26,50,38,51,64,44,94,145,88,98,64,125,40,118,63,61,70,17,42,9,38,10,25,15,11,2,10,0,7,0,0
2025-01-02,곤제,1390,1297,4,0,23,15,60,17,113,47,199,65,119,53,99,41,92,54,92,69,88,83,68,92,80,111,69,101,86,128,73,136,51,117,26,53,25,51,18,43,5,13,0,8,0,0
2025-01-02,어룡,2642,2679,12,0,48,31,99,35,229,119,303,466,171,125,111,68,123,80,125,129,148,130,109,129,134,179,152,171,182,204,367,234,97,199,84,130,47,87,72,87,23,59,6,17,0,0
2025-01-02,송산,2193,2183,21,0,63,12,66,19,176,53,270,160,148,91,151,85,131,110,138,115,160,145,115,126,136,168,131,210,131,197,138,211,71,163,53,99,35,85,38,75,17,34,4,25,0,0
2025-01-02,탑석,1680,1449,11,0,17,18,45,33,118,56,276,126,107,47,93,51,81,51,111,69,111,94,111,83,123,110,107,104,111,139,102,173,57,68,42,76,21,58,21,61,15,17,0,15,0,0
2025-01-03,발곡,3262,3260,29,0,76,24,155,47,408,67,432,223,241,114,170,90,172,135,197,137,212,156,184,188,221,207,169,264,148,239,181,390,80,314,65,217,58,151,48,161,14,92,2,44,0,0
2025-01-03,회룡,18058,10489,14,3,126,277,297,522,790,1340,1479,1381,677,710,526,609,642,576,666,564,755,533,914,548,985,537,1255,567,1400,629,2157,742,1772,346,1139,220,869,152,871,155,541,63,183,15,0,0
2025-01-03,범골,3054,2840,5,0,59,25,151,23,336,66,473,160,267,120,188,123,202,132,197,159,164,144,166,199,149,215,133,242,138,230,163,307,96,215,54,164,43,101,50,133,15,62,5,20,0,0
2025-01-03,경전철의정부,2833,3274,4,0,30,27,32,60,72,76,134,330,106,297,109,218,137,229,122,229,178,260,211,235,239,210,253,200,249,214,357,271,150,150,144,84,83,67,126,63,76,44,21,10,0,0
2025-01-03,의정부시청,1786,1967,1,0,17,18,29,31,79,100,131,534,101,189,81,91,87,79,89,99,88,104,127,92,117,78,124,86,142,99,366,120,69,68,47,70,32,44,49,47,9,12,1,6,0,0
2025-01-03,흥선,2614,2510,2,0,65,18,71,40,181,58,305,321,192,108,141,106,168,104,186,106,173,125,147,147,209,176,192,171,175,222,175,220,96,158,53,104,40,113,31,116,9,69,3,28,0,0
2025-01-03,의정부중앙,3902,4098,6,0,47,52,54,57,140,90,345,300,150,254,174,245,180,277,253,250,268,312,309,377,348,347,353,255,342,285,264,381,175,202,144,154,134,107,102,91,92,43,22,19,0,0
2025-01-03,동오,2655,2528,4,0,53,32,97,61,229,71,420,133,185,82,159,83,135,108,162,122,153,125,161,191,137,210,141,203,163,238,134,316,88,177,94,112,55,87,44,103,35,48,6,26,0,0
2025-01-03,새말,1948,1688,8,0,38,16,75,11,196,42,331,182,123,52,115,38,101,49,92,71,111,80,160,94,101,110,81,115,107,149,121,203,68,142,42,91,34,90,29,73,13,51,2,29,0,0
2025-01-03,경기도청북부청사,3291,3420,3,0,25,51,66,69,146,104,219,334,119,262,123,162,215,153,180,216,160,246,223,220,306,218,231,241,297,248,333,303,175,195,148,123,132,92,133,101,42,51,15,31,0,0
2025-01-03,효자,1033,1111,3,0,6,21,24,30,53,68,80,301,48,44,48,46,57,39,57,44,132,78,68,69,98,58,108,49,103,64,73,55,26,46,12,39,15,22,20,22,2,13,0,3,0,0
2025-01-03,곤제,1368,1344,5,0,30,18,49,16,108,47,209,71,113,60,81,50,93,49,80,60,78,66,72,83,61,113,81,111,71,111,86,153,55,120,36,62,24,65,26,44,8,34,2,11,0,0
2025-01-03,어룡,2772,2711,13,0,42,42,97,48,209,122,322,467,163,136,128,66,129,93,126,122,189,122,126,115,143,156,143,188,206,216,415,247,103,182,73,118,44,93,66,78,28,80,7,20,0,0
2025-01-03,송산,2275,2293,25,0,54,17,58,24,167,40,284,163,142,104,128,74,139,126,161,118,129,130,129,141,155,176,147,161,152,186,132,259,72,198,61,108,57,107,57,87,21,47,5,27,0,0
2025-01-03,탑석,1737,1428,19,0,32,13,58,27,119,51,286,127,111,49,105,36,71,47,92,83,121,79,148,67,83,95,113,123,109,120,108,176,72,79,34,67,21,73,27,58,6,37,2,21,0,0
2025-01-04,발곡,2538,2502,20,0,59,17,55,25,119,46,172,89,163,81,207,97,264,118,286,158,197,167,197,183,173,206,181,218,126,223,122,203,74,141,49,144,35,112,26,139,10,92,3,43,0,0
2025-01-04,회룡,8216,8321,13,6,89,179,181,213,200,391,219,605,292,632,325,787,335,781,458,792,496,711,562,620,649,531,666,537,773,426,594,326,549,222,477,211,489,144,465,124,324,63,60,20,0,0
2025-01-04,범골,2199,2037,3,0,43,16,57,16,117,24,149,76,199,66,203,84,204,97,202,123,201,139,169,140,129,182,113,173,132,193,76,148,59,151,55,115,38,125,32,92,12,52,6,25,0,0
2025-01-04,경전철의정부,2375,2865,5,0,26,22,27,44,39,47,53,92,52,160,76,255,120,269,117,311,174,216,196,261,197,208,208,222,208,223,215,183,158,88,176,72,117,97,121,50,72,33,18,12,0,0
2025-01-04,의정부시청,1002,1062,0,0,12,12,13,19,22,36,54,76,73,70,76,95,74,63,82,118,80,82,112,103,69,74,96,57,77,53,59,57,21,34,24,36,15,28,31,30,11,13,1,6,0,0
2025-01-04,흥선,1829,1857,2,0,44,10,52,32,88,42,133,61,134,71,150,82,155,114,179,109,141,124,141,145,124,132,115,159,133,155,86,128,45,98,39,100,23,95,21,103,18,75,6,22,0,0
2025-01-04,의정부중앙,3340,3505,2,0,34,29,48,42,64,47,104,161,125,198,180,214,204,289,249,381,268,319,288,339,303,288,291,240,295,270,206,204,172,156,136,107,144,71,119,83,80,48,28,19,0,0
2025-01-04,동오,2021,1882,2,0,51,27,46,53,97,41,121,62,134,60,171,63,181,101,151,103,157,116,151,122,112,144,137,160,101,191,112,173,86,106,62,91,66,83,44,91,34,71,5,24,0,0
2025-01-04,새말,1384,1221,4,2,23,13,35,12,52,31,93,39,98,34,128,43,129,48,129,80,124,86,112,68,81,67,93,110,102,114,53,99,38,79,28,75,20,63,31,50,7,70,4,38,0,0
2025-01-04,경기도청북부청사,2621,2631,1,0,20,36,34,41,44,57,81,148,107,165,129,180,189,196,233,180,235,210,235,211,247,169,219,205,196,203,188,187,130,116,113,94,99,85,76,59,41,61,4,28,0,0
2025-01-04,효자,672,605,3,0,10,19,17,12,17,13,38,24,41,35,53,21,49,29,63,52,47,61,56,44,53,40,72,34,63,45,22,43,19,27,18,27,11,19,14,36,6,19,0,5,0,0
2025-01-04,곤제,1185,1103,2,0,19,11,20,18,51,33,75,35,109,70,134,58,127,73,113,56,92,93,93,71,63,88,67,83,63,77,43,97,36,56,31,43,17,58,17,46,8,26,5,11,0,0
2025-01-04,어룡,1855,1758,10,0,25,27,47,26,77,42,104,68,137,64,152,74,171,96,163,108,135,144,136,114,143,126,140,155,121,163,97,125,46,95,47,84,43,81,23,78,36,68,2,20,0,0
2025-01-04,송산,1773,1816,12,0,37,20,30,85,70,58,166,69,159,77,138,77,140,72,170,91,148,125,113,132,104,144,105,157,101,179,78,125,49,88,46,92,43,85,32,65,25,52,7,23,0,0
2025-01-04,탑석,1361,1116,8,0,18,25,28,28,54,40,81,30,107,36,123,35,100,47,161,49,95,82,144,65,69,97,97,111,95,128,59,83,46,46,29,51,22,63,14,50,10,38,1,12,0,0
2025-01-05,발곡,2124,2060,18,0,36,23,49,33,58,40,131,78,168,93,233,76,169,129,206,119,231,117,154,139,143,183,138,174,110,183,89,185,63,131,43,112,46,81,17,93,21,50,1,21,0,0
2025-01-05,회룡,6385,6371,7,2,59,134,92,142,115,268,193,452,283,561,298,662,307,557,388,544,484,516,491,466,509,407,592,376,465,355,461,295,363,188,371,192,382,136,289,85,200,25,36,8,0,0
2025-01-05,범골,1730,1563,3,0,26,16,40,17,67,17,115,42,155,50,228,114,140,66,163,99,157,98,134,116,97,144,102,163,97,141,60,130,43,56,41,83,27,86,22,71,11,47,2,7,0,0
2025-01-05,경전철의정부,1806,2144,3,0,15,20,21,22,19,33,44,62,42,119,60,172,62,188,107,258,91,267,137,189,177,167,167,185,185,117,230,106,109,58,112,53,100,50,78,43,34,28,13,7,0,0
2025-01-05,의정부시청,853,938,0,0,12,7,8,22,15,37,52,89,40,72,66,155,50,52,116,51,82,93,74,63,70,55,74,49,43,45,73,37,25,25,18,26,18,31,14,12,2,13,1,4,0,0
2025-01-05,흥선,1400,1385,5,0,37,10,34,24,52,35,82,39,109,62,136,97,108,68,130,77,134,82,109,109,84,120,89,130,80,96,71,74,38,74,42,68,26,83,15,88,15,32,4,17,0,0
2025-01-05,의정부중앙,2300,2459,4,1,18,23,39,32,37,37,67,72,87,125,120,168,103,151,169,215,163,279,183,223,213,242,213,213,188,176,145,163,122,91,137,75,118,85,99,56,62,27,13,5,0,0
2025-01-05,동오,1626,1562,3,0,31,20,38,37,65,25,80,36,129,44,148,93,129,85,143,123,126,105,117,133,106,140,118,166,107,134,60,96,62,84,65,71,50,69,34,56,10,37,5,8,0,0
2025-01-05,새말,1089,971,4,0,15,6,19,10,52,11,95,26,85,33,116,59,111,38,95,46,104,67,81,72,87,86,63,83,51,75,38,78,28,48,23,64,8,54,10,54,3,47,1,14,0,0
2025-01-05,경기도청북부청사,1793,1779,1,0,22,25,23,36,33,30,49,65,84,104,89,132,91,125,126,121,158,163,161,160,159,136,192,136,174,142,125,105,77,68,73,65,77,69,51,44,24,36,4,17,0,0
2025-01-05,효자,480,539,2,0,7,12,12,11,11,11,19,20,42,24,38,53,36,24,42,44,54,44,35,41,32,31,56,38,48,33,17,40,15,28,5,23,4,26,3,20,1,13,1,3,0,0
2025-01-05,곤제,778,717,2,0,22,12,21,14,30,20,69,15,77,27,91,37,55,16,49,35,51,65,32,41,54,68,62,55,38,74,52,66,27,42,16,40,13,23,12,36,4,22,1,9,0,0
2025-01-05,어룡,1273,1308,7,0,26,22,15,27,56,25,68,40,95,42,114,58,101,47,107,87,106,95,95,100,102,110,75,118,68,116,60,102,44,66,41,80,36,71,33,64,21,30,3,8,0,0
2025-01-05,송산,1403,1402,11,0,17,14,19,16,48,25,70,60,87,72,129,109,123,65,133,71,141,79,111,112,107,90,109,109,80,124,73,137,30,68,44,77,30,71,26,58,11,30,4,15,0,0
2025-01-05,탑석,1076,871,5,0,24,6,26,20,43,18,77,20,81,30,113,49,99,32,70,38,89,70,74,58,86,64,73,77,62,88,41,78,26,42,22,41,32,68,27,30,6,31,0,11,0,0
2025-01-06,발곡,3277,3343,30,0,77,27,172,27,429,76,463,235,244,106,188,93,176,129,182,129,258,197,173,183,186,218,207,276,148,304,144,441,72,341,53,229,51,128,13,126,9,50,2,28,0,0
2025-01-06,회룡,10503,10456,17,8,84,275,199,571,410,1564,852,1487,381,738,324,610,384,517,376,564,480,504,531,493,513,484,764,532,916,544,1329,722,1157,288,645,210,560,144,333,135,190,51,58,15,0,0
2025-01-06,범골,3113,2817,6,1,69,18,177,28,409,56,508,179,232,110,194,99,172,134,190,140,225,195,169,162,130,213,133,287,125,245,163,268,72,272,52,126,37,137,35,94,11,46,4,7,0,0
2025-01-06,경전철의정부,2782,3176,2,0,25,32,40,64,71,77,144,348,83,341,113,239,156,227,173,197,187,241,205,220,217,221,232,193,276,182,292,264,176,103,148,70,99,68,82,53,51,27,10,9,0,0
2025-01-06,의정부시청,1824,1962,0,0,18,25,46,40,98,109,143,547,107,167,72,90,92,84,78,94,94,105,89,81,110,87,155,116,146,91,369,109,66,73,47,63,59,31,30,34,2,7,3,9,0,0
2025-01-06,흥선,2550,2489,8,1,65,15,80,46,192,78,308,333,195,113,128,94,146,113,180,135,214,114,126,145,224,179,172,154,157,196,157,237,88,148,36,118,29,113,27,90,15,52,3,15,0,0
2025-01-06,의정부중앙,3815,3881,6,0,44,49,53,71,152,95,363,331,133,229,153,227,193,250,231,276,274,360,309,331,346,323,318,255,342,271,272,291,173,194,141,102,135,109,100,71,64,36,13,10,0,0
2025-01-06,동오,2640,2592,6,0,66,25,103,58,244,84,438,148,169,82,168,87,169,100,151,148,171,136,168,157,157,252,135,179,144,227,108,306,74,200,53,136,61,103,31,88,19,60,5,16,0,0
2025-01-06,새말,1899,1789,0,0,37,17,81,21,211,48,359,167,141,59,81,54,95,50,89,72,162,87,131,101,114,133,102,144,86,155,92,218,38,146,29,112,17,86,21,66,11,43,2,10,0,0
2025-01-06,경기도청북부청사,3264,3390,4,0,30,59,75,76,152,123,230,314,130,241,135,143,149,174,200,204,185,239,184,217,289,240,246,250,295,258,373,298,162,213,124,121,141,96,121,70,31,39,8,15,0,0
2025-01-06,효자,1079,1203,3,0,12,31,29,40,69,74,93,302,68,51,45,35,65,31,55,71,73,79,138,84,85,67,111,65,122,65,72,59,13,40,9,32,5,35,6,28,6,9,0,5,0,0
2025-01-06,곤제,1392,1318,4,0,25,15,53,19,122,45,225,76,115,68,92,43,71,53,86,60,93,82,67,82,74,118,62,115,80,126,78,135,59,102,40,60,20,53,23,32,3,23,0,11,0,0
2025-01-06,어룡,2787,2767,10,0,49,33,116,41,235,136,351,515,172,134,127,75,96,80,143,116,153,127,131,119,147,146,119,175,178,242,399,274,127,233,87,118,61,86,63,62,19,41,4,14,0,0
2025-01-06,송산,2333,2330,15,0,60,19,67,32,174,52,271,165,170,118,153,114,172,112,147,129,150,168,168,144,156,173,136,179,132,182,149,239,48,211,44,100,57,95,41,58,15,27,8,13,0,0
2025-01-06,탑석,1727,1382,14,0,29,20,63,36,139,55,308,133,132,55,77,40,83,56,84,78,107,82,118,65,102,93,126,94,96,122,117,175,56,76,32,59,16,68,13,43,14,17,1,15,0,0
2025-01-07,발곡,3250,3319,29,0,61,26,170,39,410,68,438,225,248,117,221,88,161,127,192,162,222,159,151,193,241,249,169,247,155,283,160,436,78,283,48,185,50,186,28,133,14,73,4,40,0,0
2025-01-07,회룡,10560,10477,18,9,77,271,168,545,426,1427,794,1491,451,720,319,663,443,560,463,593,523,511,515,467,651,506,531,520,783,556,1352,704,1127,308,691,180,577,175,336,180,257,73,58,18,0,0
2025-01-07,범골,2961,2859,9,0,50,24,165,30,366,60,459,178,260,86,185,84,147,131,181,143,171,155,158,181,155,249,116,219,144,229,182,324,98,277,38,155,39,178,24,98,13,44,1,14,0,0
2025-01-07,경전철의정부,2756,3087,3,0,22,24,33,69,84,83,143,317,91,324,89,216,156,204,170,218,170,214,199,209,204,213,257,180,268,210,297,276,160,118,125,69,113,64,100,45,56,21,16,13,0,0
2025-01-07,의정부시청,1778,1884,2,0,23,23,41,40,78,97,141,527,88,145,74,91,89,92,83,82,91,99,134,106,119,86,133,95,128,93,334,110,80,64,43,44,44,38,40,31,12,17,1,4,0,0
2025-01-07,흥선,2620,2562,6,0,61,17,81,40,179,82,315,316,178,123,142,106,175,122,204,135,236,118,165,155,129,175,192,168,178,217,167,249,103,160,41,86,21,109,30,117,12,38,5,29,0,0
2025-01-07,의정부중앙,3908,3923,4,0,43,52,50,74,146,103,365,302,171,244,148,254,183,256,240,297,281,324,322,330,316,306,312,242,359,250,290,349,191,185,142,144,153,94,109,74,62,29,21,14,0,0
2025-01-07,동오,2753,2668,5,0,68,28,105,54,265,79,482,140,198,93,183,94,145,149,172,160,174,141,134,176,145,206,140,204,153,223,99,310,74,213,80,113,61,121,46,103,23,47,1,14,0,0
2025-01-07,새말,1851,1625,7,0,33,10,65,24,199,42,359,177,118,46,96,53,104,44,90,68,88,95,129,97,117,119,107,110,103,100,89,205,43,151,31,65,30,105,24,53,15,43,4,18,0,0
2025-01-07,경기도청북부청사,3222,3388,7,0,28,54,72,60,156,131,204,312,112,342,117,159,184,167,256,214,189,225,199,213,292,194,199,245,232,246,369,318,149,199,153,108,151,82,122,54,22,51,9,14,0,0
2025-01-07,효자,1069,1179,4,0,12,27,27,34,62,63,90,295,70,78,48,37,51,47,63,52,79,92,166,69,79,64,107,76,100,44,58,86,14,34,5,24,16,22,11,20,7,12,0,3,0,0
2025-01-07,곤제,1370,1307,5,0,36,12,50,18,115,39,205,73,131,53,89,41,84,46,79,78,78,82,57,86,82,107,55,114,80,99,97,143,41,111,39,55,26,72,16,39,4,28,1,11,0,0
2025-01-07,어룡,2752,2790,9,0,39,36,115,36,220,133,366,516,170,139,106,69,99,68,146,115,129,161,113,127,132,145,170,190,212,183,390,306,101,213,71,98,71,106,54,69,34,65,5,15,0,0
2025-01-07,송산,2262,2275,23,0,54,16,63,34,184,59,280,175,152,99,148,98,154,109,129,135,136,127,160,146,129,178,125,168,135,145,133,262,78,185,52,116,54,100,45,72,22,38,6,13,0,0
2025-01-07,탑석,1703,1405,16,0,37,14,51,32,110,59,291,129,125,49,94,34,80,52,88,81,139,64,88,100,103,84,111,107,129,110,106,193,49,89,27,42,25,77,19,48,12,28,3,13,0,0
2025-01-08,발곡,3254,3355,32,0,68,23,159,35,388,61,458,200,212,127,241,129,227,126,227,169,201,147,160,163,209,225,160,274,136,283,170,435,59,325,53,248,49,148,22,141,18,66,5,30,0,0
2025-01-08,회룡,9102,8834,15,4,75,229,180,423,374,1141,634,1171,321,585,295,545,342,481,424,567,417,483,524,449,555,466,641,433,807,473,1021,650,935,258,555,168,411,149,337,102,185,45,54,12,0,0
2025-01-08,범골,3067,2833,4,0,52,18,153,54,385,88,456,159,262,86,215,132,159,116,200,160,200,124,184,158,166,202,123,230,121,250,172,329,82,247,43,178,45,133,36,110,9,47,0,12,0,0
2025-01-08,경전철의정부,2797,3201,3,0,26,33,40,64,72,74,156,325,89,320,104,211,141,240,163,237,179,259,159,203,261,212,267,213,260,217,303,283,148,110,157,71,116,52,99,42,48,23,6,12,0,0
2025-01-08,의정부시청,1776,1873,0,0,19,26,49,38,86,102,136,504,93,162,86,100,89,85,106,93,97,114,87,80,125,76,130,90,145,75,353,124,70,59,36,55,41,33,23,38,5,16,0,3,0,0
2025-01-08,흥선,2471,2436,2,0,75,16,74,41,177,71,301,320,173,106,140,73,214,118,165,111,176,95,192,135,138,190,115,168,157,177,153,253,101,172,46,107,24,108,35,102,8,56,5,17,0,0
2025-01-08,의정부중앙,3838,3990,4,0,43,48,55,76,141,89,335,293,162,199,144,257,195,338,207,298,252,342,341,343,311,358,318,239,338,264,304,344,200,168,169,116,133,95,92,78,71,27,23,18,0,0
2025-01-08,동오,2514,2483,2,0,67,30,106,54,227,64,403,147,159,70,132,92,162,117,164,131,180,133,139,153,147,234,129,169,152,251,116,272,61,189,64,129,42,90,39,86,20,49,3,23,0,0
2025-01-08,새말,1922,1736,5,0,32,12,65,22,173,45,345,180,139,54,126,57,162,58,97,77,110,78,103,92,114,108,91,139,113,144,118,220,61,143,25,106,16,81,14,65,8,34,5,21,0,0
2025-01-08,경기도청북부청사,3029,3140,3,0,28,55,72,69,149,105,205,300,119,218,109,141,151,190,253,197,173,202,180,223,289,181,212,223,260,237,321,288,136,211,120,98,116,77,103,69,21,34,9,22,0,0
2025-01-08,효자,1032,1105,5,0,7,20,22,32,56,59,86,307,62,38,43,36,59,42,89,56,60,79,157,69,95,63,96,52,98,60,46,58,12,55,13,29,9,17,11,22,6,4,0,7,0,0
2025-01-08,곤제,1289,1249,2,0,26,20,48,25,104,39,207,65,114,65,103,34,66,57,70,62,82,69,64,69,58,92,52,119,80,129,104,128,42,94,31,57,17,52,12,46,6,24,1,3,0,0
2025-01-08,어룡,2769,2739,13,0,47,33,119,39,218,119,327,509,192,143,143,70,128,105,142,138,124,132,103,121,141,154,131,180,191,200,391,267,121,199,84,103,57,91,66,78,27,41,4,17,0,0
2025-01-08,송산,2150,2176,18,0,46,20,72,31,166,50,272,167,121,111,112,120,160,118,141,120,155,126,126,116,133,151,109,142,146,155,130,236,67,195,57,98,62,92,37,73,19,35,1,20,0,0
2025-01-08,탑석,1682,1434,12,0,24,21,53,29,107,60,269,113,113,69,125,56,81,74,114,62,108,75,94,70,96,123,105,107,113,122,115,173,58,77,36,72,21,42,29,48,8,24,1,17,0,0
2025-01-09,발곡,2650,2873,33,0,59,28,148,34,388,66,405,125,102,29,146,88,159,106,181,110,181,142,131,165,149,183,138,220,110,277,118,401,76,308,40,195,45,145,26,127,13,76,2,48,0,0
2025-01-09,회룡,8048,7700,12,4,79,212,166,431,344,1141,613,1107,266,216,252,425,265,411,362,475,357,392,426,336,412,408,570,426,699,401,941,615,860,266,468,154,401,107,331,122,181,39,43,12,0,0
2025-01-09,범골,2636,2589,4,0,48,21,141,47,348,92,414,187,98,28,170,87,169,98,173,124,144,137,152,146,141,209,132,199,134,252,161,292,103,219,38,147,32,130,23,103,11,60,0,11,0,0
2025-01-09,경전철의정부,2574,2593,5,0,17,22,38,53,74,79,140,298,43,122,103,194,118,204,133,197,179,192,174,179,240,181,200,161,270,167,270,247,171,115,130,51,92,62,108,39,52,27,17,3,0,0
2025-01-09,의정부시청,1530,1704,1,0,21,21,34,37,78,81,113,517,40,94,68,109,71,66,86,73,79,79,96,87,90,67,115,85,124,84,331,101,72,63,32,45,50,39,25,30,2,20,2,6,0,0
2025-01-09,흥선,2169,2173,2,0,61,15,81,42,160,57,290,231,98,86,100,87,121,103,143,112,175,118,121,101,155,153,174,150,182,179,150,225,57,138,39,108,22,109,27,89,8,50,3,20,0,0
2025-01-09,의정부중앙,3152,3055,2,0,36,44,52,58,136,101,307,269,74,117,119,170,155,235,197,221,215,202,242,240,233,206,261,211,273,219,264,275,160,170,112,115,117,87,102,66,77,39,18,10,0,0
2025-01-09,동오,2118,2324,3,0,53,29,94,48,218,65,377,160,82,137,121,74,189,92,164,103,107,122,80,103,103,212,108,171,116,189,106,272,42,186,55,109,40,104,42,87,17,46,1,15,0,0
2025-01-09,새말,1502,1400,6,0,34,9,68,20,182,35,285,94,36,19,86,46,74,38,88,68,80,70,84,75,86,104,70,84,79,130,104,169,55,116,39,107,22,98,15,62,7,41,2,15,0,0
2025-01-09,경기도청북부청사,2652,2841,5,0,27,54,59,58,142,119,194,344,58,91,109,167,149,140,146,179,131,194,152,165,236,160,181,180,228,245,305,296,141,156,115,113,115,70,124,50,25,40,10,20,0,0
2025-01-09,효자,874,907,5,0,3,25,25,28,54,62,82,121,26,95,31,33,46,37,77,61,66,66,46,55,147,44,79,48,93,47,48,51,16,34,8,38,7,32,13,17,2,11,0,2,0,0
2025-01-09,곤제,1062,1029,5,0,29,14,47,14,111,36,183,49,57,27,74,26,54,33,66,53,61,71,41,63,43,87,35,92,95,112,70,106,28,89,28,54,15,38,14,37,6,21,0,7,0,0
2025-01-09,어룡,2347,2271,10,0,39,29,115,47,205,124,313,343,95,101,89,71,90,64,119,84,101,123,93,105,139,140,108,124,161,189,364,233,117,174,75,111,44,78,46,68,19,51,5,12,0,0
2025-01-09,송산,1830,1845,18,0,49,11,67,34,168,49,264,121,57,54,114,91,97,81,112,107,105,124,111,95,105,127,104,136,131,171,122,191,58,167,41,98,45,82,45,57,15,35,2,14,0,0
2025-01-09,탑석,1379,1141,15,0,31,11,53,24,104,63,259,48,56,68,85,21,67,47,74,46,79,58,74,55,88,89,71,82,106,110,107,154,32,62,26,69,26,55,15,48,10,19,1,12,0,0
2025-01-10,발곡,2979,3065,24,0,72,23,145,27,377,57,380,113,209,83,176,129,184,112,182,131,179,155,159,151,166,209,153,216,168,272,165,387,81,350,51,180,60,157,30,165,18,99,0,49,0,0
2025-01-10,회룡,12497,12223,10,4,85,271,210,655,457,1727,970,1681,429,777,347,669,353,625,440,678,501,569,572,578,604,602,765,620,965,711,1611,913,1516,367,829,234,717,228,613,211,371,85,132,18,0,0
2025-01-10,범골,2896,2664,4,0,56,20,146,52,330,88,393,173,229,92,213,131,201,113,198,133,165,127,137,166,136,191,149,207,155,212,166,253,89,225,43,145,35,125,29,130,20,60,2,21,0,0
2025-01-10,경전철의정부,2730,3066,4,0,20,21,34,49,63,70,144,304,76,296,114,233,113,206,130,210,156,204,200,197,235,206,191,182,269,189,313,280,175,132,171,95,97,77,122,60,79,36,24,19,0,0
2025-01-10,의정부시청,1713,1897,0,0,14,24,44,40,78,95,115,506,92,127,66,146,77,64,66,97,94,88,106,95,115,99,148,89,133,93,375,97,65,80,38,52,32,42,43,36,11,22,1,5,0,0
2025-01-10,흥선,2409,2331,1,0,67,11,66,42,169,52,288,224,165,94,139,98,144,98,234,109,172,130,140,127,129,158,142,163,147,170,170,241,96,163,57,126,34,98,34,135,13,70,2,22,0,0
2025-01-10,의정부중앙,3535,3838,4,0,36,48,52,55,134,86,252,275,140,211,152,266,160,228,204,291,227,306,288,279,286,290,290,264,345,285,281,376,169,176,128,140,141,97,124,115,91,34,31,16,0,0
2025-01-10,동오,2453,2387,3,0,64,27,81,50,235,57,361,106,168,58,160,107,136,96,120,170,148,99,144,129,119,144,131,198,144,212,129,317,81,190,53,138,82,98,59,113,27,50,8,28,0,0
2025-01-10,새말,1679,1467,5,0,32,14,57,16,160,43,260,79,109,32,92,72,85,42,94,61,104,73,91,77,124,91,102,114,92,135,121,177,56,113,30,96,27,78,24,73,12,57,2,24,0,0
2025-01-10,경기도청북부청사,3190,3212,2,0,26,57,53,55,154,117,182,328,112,222,130,163,193,174,199,187,179,229,173,212,298,154,232,222,274,235,341,296,156,199,144,122,138,95,154,84,42,44,8,17,0,0
2025-01-10,효자,1001,1096,4,0,3,22,18,30,44,53,67,263,46,86,210,87,52,40,104,32,36,77,44,65,60,55,97,43,100,46,56,56,18,35,6,27,11,24,22,25,2,19,1,11,0,0
2025-01-10,곤제,1270,1169,3,0,22,15,48,23,95,45,201,58,88,37,77,49,67,50,81,59,66,73,66,63,77,84,60,94,98,105,86,122,54,108,23,59,27,37,24,60,5,22,2,6,0,0
2025-01-10,어룡,2614,2501,11,0,43,28,91,31,207,102,342,427,139,106,99,82,113,71,112,123,129,149,139,99,157,147,155,141,202,189,354,248,110,171,75,124,51,72,56,99,24,72,5,20,0,0
2025-01-10,송산,2085,2071,16,0,51,20,71,24,155,51,248,136,142,84,108,79,120,80,124,103,137,109,109,115,135,160,112,158,140,187,148,229,76,213,46,85,59,89,63,74,16,49,9,26,0,0
2025-01-10,탑석,1547,1242,11,0,19,19,52,31,101,60,261,69,103,45,88,35,75,33,83,57,94,54,90,66,74,86,92,107,128,105,119,162,65,81,28,62,24,64,28,52,10,33,2,21,0,0
2025-01-11,발곡,2481,2464,24,0,48,20,73,29,113,49,168,85,175,79,219,87,235,120,265,139,224,142,176,203,188,211,139,218,114,204,128,206,61,169,40,136,43,104,26,135,20,86,2,42,0,0
2025-01-11,회룡,8313,8336,11,4,67,165,173,221,182,372,225,643,273,700,360,802,383,830,437,784,517,666,506,580,678,553,647,490,856,414,713,351,534,210,499,198,488,148,435,119,305,60,24,26,0,0
2025-01-11,범골,2248,2073,4,0,25,14,54,20,95,28,164,75,188,74,212,87,216,110,213,126,227,124,180,155,123,154,133,175,104,204,92,178,81,134,55,114,38,126,28,107,14,46,2,22,0,0
2025-01-11,경전철의정부,2503,2932,2,0,28,32,25,51,43,40,63,91,46,169,95,200,98,276,138,281,153,299,170,222,211,238,203,242,243,233,244,184,172,138,192,74,131,63,131,47,89,43,26,9,0,0
2025-01-11,의정부시청,913,972,0,0,12,8,17,15,28,43,48,69,73,63,64,82,60,65,87,78,71,73,85,81,81,71,77,50,66,68,67,56,26,31,19,29,18,38,13,31,1,17,0,4,0,0
2025-01-11,흥선,1905,1792,1,0,44,17,50,33,81,31,123,53,145,85,169,77,160,86,190,100,162,130,146,127,117,141,126,165,121,141,84,132,58,105,39,93,48,105,15,84,21,70,5,17,0,0
2025-01-11,의정부중앙,3270,3580,3,0,39,39,35,45,59,61,93,146,119,172,161,242,215,304,215,291,235,340,319,316,283,315,283,277,242,299,251,236,184,154,164,112,138,89,115,72,91,47,26,23,0,0
2025-01-11,동오,2034,1944,4,0,47,23,51,50,94,40,150,58,154,75,187,72,179,80,141,112,165,114,157,117,119,148,135,172,98,178,94,202,65,125,60,96,65,101,41,84,23,75,5,22,0,0
2025-01-11,새말,1356,1220,6,0,25,8,25,6,54,23,106,37,110,32,119,40,125,44,113,66,120,76,89,95,84,83,103,105,105,111,51,98,39,83,33,90,22,85,13,81,13,38,1,19,0,0
2025-01-11,경기도청북부청사,2512,2622,4,0,18,43,35,35,56,51,63,141,110,155,104,208,193,215,208,193,240,233,217,219,235,163,235,195,201,219,197,154,88,104,100,90,94,88,76,55,30,48,8,13,0,0
2025-01-11,효자,598,558,3,0,6,21,9,17,21,14,29,17,48,30,43,23,55,29,51,37,46,51,52,55,57,43,65,27,56,51,16,33,18,19,3,25,4,23,14,20,2,20,0,3,0,0
2025-01-11,곤제,1085,971,0,3,22,3,29,6,45,24,52,24,86,31,154,53,100,62,99,74,82,61,74,70,65,75,77,77,65,102,57,85,30,56,15,59,13,36,17,48,2,18,1,4,0,0
2025-01-11,어룡,1799,1709,9,0,24,25,46,22,64,41,123,62,131,62,137,48,158,106,153,96,158,128,119,121,119,107,139,154,137,143,89,145,48,86,38,95,38,99,35,92,25,67,9,10,0,0
2025-01-11,송산,1801,1754,12,0,41,21,44,78,72,50,156,65,138,76,141,60,156,95,154,108,145,107,133,120,105,132,117,134,102,149,80,146,58,102,37,93,44,88,38,60,26,51,2,19,0,0
2025-01-11,탑석,1249,1014,8,0,29,6,23,20,48,38,75,36,116,32,94,35,110,43,106,46,116,63,92,67,73,82,77,104,105,94,61,75,33,57,16,66,29,60,24,41,10,33,4,16,0,0
2025-01-12,발곡,1961,2030,17,0,41,15,39,29,62,24,123,61,155,75,194,86,192,120,192,102,224,132,172,168,114,176,101,226,91,181,80,182,44,106,41,108,33,69,33,91,11,52,2,27,0,0
2025-01-12,회룡,6236,6304,4,1,67,141,79,138,97,241,113,447,245,570,294,606,240,563,364,607,450,551,526,425,550,407,581,391,519,320,498,295,379,183,373,137,348,139,327,71,162,49,20,22,0,0
2025-01-12,범골,1712,1581,2,0,34,13,29,11,66,19,113,28,154,35,172,87,168,56,186,89,148,118,136,140,128,133,109,175,94,163,54,146,38,102,31,90,25,69,14,65,8,36,3,6,0,0
2025-01-12,경전철의정부,1760,2083,3,0,18,25,19,26,16,25,44,61,49,115,65,169,54,162,105,252,107,248,106,211,165,164,170,145,170,147,199,89,122,77,122,52,103,49,80,45,34,15,9,6,0,0
2025-01-12,의정부시청,771,839,0,0,12,9,12,20,13,25,42,80,43,82,67,116,52,53,113,55,64,71,83,51,48,50,55,37,42,51,56,36,24,25,16,22,13,21,12,21,2,13,2,1,0,0
2025-01-12,흥선,1477,1404,1,0,35,16,28,28,44,27,102,22,110,56,115,74,113,66,131,86,153,92,105,85,95,111,116,138,115,138,86,104,41,80,26,78,19,66,27,94,13,34,2,9,0,0
2025-01-12,의정부중앙,2551,2554,3,0,34,18,27,24,43,35,60,71,102,106,115,174,99,176,178,294,200,274,237,283,236,245,249,182,233,182,200,165,139,100,105,71,112,56,76,65,84,24,19,9,0,0
2025-01-12,동오,1560,1510,2,0,32,18,38,18,48,27,90,35,125,42,146,84,100,54,142,113,125,122,119,125,99,138,88,138,101,145,80,135,57,79,57,64,61,65,37,62,12,40,1,6,0,0
2025-01-12,새말,1050,946,5,0,14,13,22,15,47,11,72,25,100,23,86,54,79,26,109,55,81,55,79,59,67,66,68,93,87,103,53,80,17,55,28,61,13,51,18,54,4,37,1,10,0,0
2025-01-12,경기도청북부청사,1817,1810,1,0,17,29,24,34,28,26,56,58,54,90,83,116,98,123,164,126,150,159,162,188,182,167,218,124,177,147,105,96,91,83,73,68,62,78,49,45,20,39,3,14,0,0
2025-01-12,효자,477,527,4,0,6,7,6,6,19,7,24,20,33,28,35,27,39,28,47,44,48,56,33,56,29,42,53,33,49,28,12,29,6,25,5,26,9,27,15,25,5,11,0,2,0,0
2025-01-12,곤제,801,737,1,0,13,13,21,13,25,11,63,17,60,20,82,43,73,35,60,38,65,51,50,48,46,65,51,75,41,79,60,53,49,54,15,43,10,28,11,33,5,13,0,5,0,0
2025-01-12,어룡,1368,1284,8,0,28,17,26,19,43,24,67,38,110,34,125,61,96,47,148,72,123,94,103,109,88,114,65,128,93,108,71,94,43,84,47,69,33,61,25,66,24,40,2,5,0,0
2025-01-12,송산,1374,1361,10,0,20,12,33,13,30,26,64,44,88,50,121,102,108,46,136,68,151,94,114,83,112,107,110,118,90,112,51,137,38,94,22,70,41,70,22,55,8,44,5,16,0,0
2025-01-12,탑석,995,872,3,0,20,19,12,18,36,18,56,24,79,28,90,28,80,36,115,37,82,58,81,58,77,67,59,87,58,90,38,90,32,58,24,44,23,53,20,34,9,17,1,8,0,0
2025-01-13,발곡,3093,3183,38,0,57,28,172,34,386,70,433,115,258,104,198,110,219,119,176,144,207,157,187,164,181,229,130,275,111,325,136,424,75,321,49,222,39,131,28,115,12,60,1,36,0,0
2025-01-13,회룡,10555,10283,15,5,85,271,166,547,376,1445,747,1337,387,766,337,643,405,584,465,635,494,556,502,506,685,489,763,473,885,543,1254,654,1235,296,592,192,518,142,366,148,239,45,39,6,0,0
2025-01-13,범골,2992,2794,6,0,50,17,169,25,371,63,388,167,252,104,204,93,169,140,213,155,175,155,181,177,158,208,133,234,156,259,162,337,80,244,53,139,41,107,21,90,8,55,2,25,0,0
2025-01-13,경전철의정부,2676,3122,2,0,23,20,31,67,65,73,130,333,86,361,116,235,160,238,173,208,201,232,186,231,216,200,228,171,246,176,275,248,145,105,170,90,90,50,73,49,44,24,16,11,0,0
2025-01-13,의정부시청,1815,1951,0,0,25,16,31,36,88,119,125,499,107,168,92,92,93,90,88,95,106,138,123,93,112,119,152,84,116,77,345,112,86,72,36,46,48,40,35,33,7,20,0,2,0,0
2025-01-13,흥선,2381,2409,1,0,56,19,77,39,183,63,300,208,168,99,129,107,185,117,212,125,181,149,142,132,130,180,132,178,122,187,156,243,89,174,34,132,31,113,31,79,20,50,2,15,0,0
2025-01-13,의정부중앙,3779,3930,5,0,31,42,63,61,120,85,244,286,163,298,199,263,230,313,282,282,291,326,348,356,349,300,305,246,300,249,284,313,148,160,141,137,114,93,83,69,56,37,23,14,0,0
2025-01-13,동오,2398,2380,6,0,68,30,110,55,216,70,284,104,182,82,161,80,145,91,160,124,167,131,143,154,145,192,103,180,140,208,123,304,69,188,54,123,57,99,41,97,20,48,4,20,0,0
2025-01-13,새말,1739,1596,4,0,28,6,80,19,182,40,263,79,144,48,108,54,98,54,113,91,101,89,99,94,102,117,80,126,87,135,100,202,46,145,44,76,22,92,27,66,7,45,4,18,0,0
2025-01-13,경기도청북부청사,3181,3346,3,0,23,55,64,69,142,124,182,324,118,277,121,154,189,191,219,251,181,246,220,246,319,193,228,219,260,213,345,282,154,218,124,96,117,80,121,62,41,31,10,15,0,0
2025-01-13,효자,898,868,4,0,3,27,25,37,50,41,89,87,70,31,54,35,60,40,52,58,47,85,59,67,72,52,101,54,91,44,58,80,21,44,11,27,14,26,12,21,5,10,0,2,0,0
2025-01-13,곤제,1326,1268,4,0,35,14,50,15,110,44,191,66,127,59,85,34,83,64,75,82,73,82,81,70,74,99,70,119,70,116,79,122,39,85,24,66,24,51,18,49,13,26,1,5,0,0
2025-01-13,어룡,2765,2736,10,0,44,31,108,38,213,125,300,464,193,132,142,68,143,101,170,135,162,140,103,148,149,166,131,175,198,194,375,258,101,208,88,120,56,93,51,84,23,35,5,21,0,0
2025-01-13,송산,2183,2168,16,0,48,14,83,34,165,44,243,156,147,106,140,108,144,121,165,111,170,124,164,145,115,158,120,168,115,179,135,244,67,158,38,107,45,72,42,68,19,34,2,17,0,0
2025-01-13,탑석,1669,1374,14,0,37,12,61,35,114,68,254,77,145,51,104,43,94,66,111,72,101,82,101,90,101,106,99,122,115,94,90,176,59,78,28,68,14,59,20,44,4,24,3,7,0,0
2025-01-14,발곡,3182,3137,31,0,66,21,166,23,421,60,432,141,281,103,186,106,204,158,238,132,207,165,172,172,168,203,124,245,148,276,134,436,71,303,53,213,35,152,24,137,20,65,1,26,0,0
2025-01-14,회룡,10726,10765,16,3,81,275,171,579,390,1441,785,1453,410,786,349,679,436,637,456,653,536,553,516,476,579,567,811,490,909,580,1263,722,1118,277,647,187,497,160,401,157,279,77,76,13,0,0
2025-01-14,범골,2992,2784,5,0,57,22,175,35,352,49,414,174,278,99,211,104,179,137,191,164,190,146,172,181,146,228,136,222,142,234,168,304,57,237,42,149,32,120,32,108,12,55,1,16,0,0
2025-01-14,경전철의정부,2675,3040,5,1,19,29,40,74,66,67,133,364,93,319,106,208,166,187,144,213,206,238,177,194,233,202,189,143,229,190,296,275,158,131,148,67,100,46,104,52,50,29,13,11,0,0
2025-01-14,의정부시청,1829,2004,1,1,17,22,34,43,85,87,126,569,91,180,78,110,102,82,88,106,100,118,116,113,147,104,144,71,144,87,351,101,78,65,40,48,40,40,38,33,9,17,0,7,0,0
2025-01-14,흥선,2456,2492,4,0,68,7,74,51,193,59,304,201,170,131,164,80,174,116,173,148,160,142,166,132,143,188,143,190,162,197,159,258,81,142,33,128,35,135,31,106,15,61,4,20,0,0
2025-01-14,의정부중앙,3779,3940,5,0,37,42,54,54,120,100,264,303,152,256,138,254,216,300,297,314,282,321,274,347,373,314,353,237,313,284,296,305,150,176,131,116,133,82,112,85,58,35,21,15,0,0
2025-01-14,동오,2483,2443,0,0,72,30,97,58,248,73,308,122,167,88,189,82,153,110,163,137,127,158,147,109,137,182,120,176,164,215,126,295,48,219,84,133,63,101,48,87,17,49,5,19,0,0
2025-01-14,새말,1683,1532,2,0,37,12,72,22,187,39,248,94,114,61,96,39,88,57,121,90,97,70,90,74,116,91,69,113,96,129,104,190,46,143,37,86,22,85,25,83,12,40,4,14,0,0
2025-01-14,경기도청북부청사,3255,3342,5,0,31,50,78,62,136,126,201,315,133,288,131,192,236,186,176,215,169,215,191,209,269,207,235,206,275,259,341,287,168,184,140,127,155,76,138,86,39,36,8,16,0,0
2025-01-14,효자,845,802,2,0,8,24,26,31,51,44,73,84,59,24,41,34,51,34,58,52,56,60,57,63,63,48,79,53,102,56,71,64,16,45,8,25,10,25,9,18,5,15,0,3,0,0
2025-01-14,곤제,1311,1280,3,0,26,21,54,22,101,45,202,79,123,56,92,40,81,53,72,82,79,64,59,83,87,88,51,104,63,128,90,124,38,116,30,67,37,32,16,43,7,25,0,8,0,0
2025-01-14,어룡,2856,2692,13,0,42,31,134,44,238,114,325,471,189,105,141,66,116,100,150,120,134,150,133,123,148,157,152,162,212,235,347,238,120,174,91,136,61,113,64,81,42,62,4,10,0,0
2025-01-14,송산,2217,2219,21,0,44,15,80,29,170,40,283,177,146,92,141,80,142,107,152,127,148,144,144,122,133,156,123,165,126,194,141,263,72,159,49,101,44,87,33,91,22,45,3,25,0,0
2025-01-14,탑석,1668,1419,15,0,29,22,58,29,111,62,271,83,134,49,117,34,84,69,116,64,91,73,94,85,102,102,92,109,103,141,105,171,56,95,29,66,27,64,25,59,7,27,2,15,0,0
2025-01-15,발곡,3143,3282,33,0,66,26,158,39,391,61,441,144,264,107,192,107,188,153,216,135,217,180,160,186,172,215,131,275,141,311,153,388,71,332,55,216,44,158,28,132,20,83,2,34,0,0
2025-01-15,회룡,10633,10408,14,4,75,280,178,527,422,1476,739,1352,422,776,294,674,435,613,509,569,533,522,490,493,682,496,652,515,859,551,1303,744,1095,264,604,188,562,168,403,133,294,56,68,7,0,0
2025-01-15,범골,3028,2737,6,0,52,19,164,31,387,56,389,155,293,78,195,113,164,147,180,137,202,158,171,171,149,204,142,213,145,236,169,290,80,271,54,145,41,121,33,119,10,62,2,11,0,0
2025-01-15,경전철의정부,2641,3027,2,0,31,27,28,67,67,70,133,332,88,338,120,210,134,199,138,207,176,254,177,192,249,181,223,155,245,190,279,254,111,113,138,93,128,57,113,49,50,28,11,11,0,0
2025-01-15,의정부시청,1999,2167,0,0,16,18,38,35,81,112,143,557,98,216,119,145,167,95,94,130,115,152,133,107,152,94,139,110,142,67,352,110,83,65,47,62,45,28,32,33,3,26,0,5,0,0
2025-01-15,흥선,2309,2429,2,0,64,18,77,42,182,54,279,212,175,95,137,93,129,95,148,134,172,138,152,163,126,162,143,190,138,199,176,252,87,158,53,104,30,116,26,109,10,77,3,18,0,0
2025-01-15,의정부중앙,3772,3913,4,0,41,47,52,70,135,92,255,321,160,271,157,247,218,276,258,303,312,332,329,313,316,328,362,230,347,275,261,328,168,156,117,120,105,71,90,79,69,34,16,20,0,0
2025-01-15,동오,2452,2438,6,0,61,26,98,53,253,67,298,127,161,86,151,80,147,99,147,137,153,131,145,135,143,173,137,205,155,222,141,303,78,197,56,119,59,103,42,92,19,64,2,19,0,0
2025-01-15,새말,1703,1566,9,0,32,13,65,18,179,37,268,83,136,50,108,43,107,60,105,77,96,84,81,89,101,116,81,112,94,131,100,179,43,150,35,89,22,92,23,68,15,56,3,19,0,0
2025-01-15,경기도청북부청사,3016,3256,8,0,23,46,74,63,119,111,195,337,139,282,140,167,141,159,221,220,198,250,179,198,204,194,244,214,253,236,338,290,117,186,120,102,132,76,121,64,43,48,7,13,0,0
2025-01-15,효자,867,879,3,0,6,28,23,30,50,37,74,85,59,43,49,45,62,28,56,66,56,76,60,48,76,67,90,50,89,52,61,68,12,50,11,30,8,30,17,25,4,16,1,5,0,0
2025-01-15,곤제,1339,1245,6,0,28,14,44,17,105,37,205,68,129,74,95,41,96,48,75,68,90,85,60,87,66,98,76,94,76,110,91,130,40,82,28,67,13,44,10,51,6,24,0,6,0,0
2025-01-15,어룡,2743,2685,12,0,43,31,113,40,205,137,308,435,184,138,129,75,118,90,140,128,163,145,133,124,145,154,120,194,194,192,367,232,106,203,76,96,64,105,67,90,52,65,4,11,0,0
2025-01-15,송산,2289,2212,18,0,48,12,72,30,186,51,260,174,153,89,147,92,138,121,182,125,138,145,139,138,152,148,141,187,137,189,145,232,65,162,50,95,50,96,47,73,18,37,3,16,0,0
2025-01-15,탑석,1679,1309,18,0,28,8,51,24,113,57,253,75,146,37,99,40,89,65,127,63,118,84,84,73,98,84,95,130,111,112,114,179,65,79,19,62,25,50,15,55,10,23,1,9,0,0
2025-01-16,발곡,3081,3098,35,0,67,22,162,28,388,72,441,127,241,100,204,110,199,141,198,148,199,138,149,149,183,235,147,256,134,255,144,359,64,331,40,201,51,145,20,175,12,77,3,29,0,0
2025-01-16,회룡,10759,10670,13,5,83,273,163,533,391,1344,787,1400,420,740,358,711,404,672,523,640,548,566,541,494,711,575,659,571,919,561,1087,689,1189,294,677,199,477,172,472,154,269,68,68,9,0,0
2025-01-16,범골,3082,2780,7,0,56,26,147,28,358,60,400,181,270,83,195,115,195,143,204,141,215,157,169,156,150,236,142,244,157,240,177,275,104,226,59,148,36,121,25,130,16,58,0,12,0,0
2025-01-16,경전철의정부,2745,3240,3,1,30,24,27,74,68,77,164,356,98,351,107,217,158,204,156,242,189,286,175,218,273,194,219,173,237,207,248,273,151,116,148,59,119,63,119,57,43,38,13,10,0,0
2025-01-16,의정부시청,2112,2285,2,0,14,26,40,42,88,97,134,577,108,226,92,126,217,92,98,138,102,234,149,112,136,116,234,99,139,84,342,112,80,60,38,36,49,49,39,30,8,22,3,7,0,0
2025-01-16,흥선,2512,2483,3,0,63,14,80,52,181,60,333,185,188,105,140,104,156,140,152,132,196,153,165,145,130,183,174,152,164,211,152,252,95,159,44,148,40,102,45,104,7,68,4,14,0,0
2025-01-16,의정부중앙,3588,3787,2,0,52,44,72,64,132,93,241,312,140,260,145,195,202,280,251,293,274,308,279,304,334,288,313,234,275,269,246,318,163,176,161,115,120,83,105,98,65,35,16,18,0,0
2025-01-16,동오,2479,2422,0,0,71,27,92,65,233,75,260,107,188,89,184,84,155,144,179,134,163,111,153,139,153,187,130,170,136,212,126,274,70,185,59,140,67,109,35,104,21,47,4,19,0,0
2025-01-16,새말,1748,1577,4,0,34,9,60,17,182,43,267,84,127,50,104,47,93,63,103,67,122,74,88,98,110,88,99,133,80,130,111,191,63,150,34,89,32,91,21,74,9,53,5,26,0,0
2025-01-16,경기도청북부청사,3302,3336,3,0,26,54,73,61,132,123,196,323,119,280,137,177,234,166,205,234,197,250,184,226,290,191,210,208,307,257,385,282,121,195,157,86,132,96,138,72,43,38,13,17,0,0
2025-01-16,효자,829,834,4,0,4,18,26,35,57,47,73,72,45,50,55,41,53,37,52,45,59,77,48,65,58,53,101,46,87,51,55,64,10,43,11,27,9,28,16,20,5,12,1,3,0,0
2025-01-16,곤제,1312,1297,3,0,29,18,52,26,96,36,203,85,126,67,96,48,97,65,85,67,94,67,60,71,70,125,57,110,67,120,76,131,40,103,26,48,12,41,21,46,2,17,0,6,0,0
2025-01-16,어룡,2705,2702,10,0,41,38,121,41,224,132,323,472,193,111,131,84,130,86,139,93,160,140,100,117,113,139,118,191,200,193,341,288,120,190,77,133,55,113,65,86,41,42,3,13,0,0
2025-01-16,송산,2183,2180,21,0,50,14,78,34,166,50,266,162,148,89,141,82,147,119,143,128,149,139,132,146,135,153,128,173,138,162,123,267,78,152,44,106,38,92,35,61,19,30,4,21,0,0
2025-01-16,탑석,1677,1367,14,0,28,20,58,28,106,57,262,79,130,52,124,48,82,46,92,61,113,83,119,73,93,109,98,100,109,117,110,172,53,91,31,73,22,58,14,62,19,21,0,17,0,0
2025-01-17,발곡,3326,3389,34,0,73,28,141,42,387,68,445,132,258,123,223,112,216,131,212,153,197,178,182,173,177,248,170,289,168,286,166,412,113,313,50,203,47,162,39,162,22,104,6,70,0,0
2025-01-17,회룡,11068,11013,11,4,78,255,176,488,372,1370,791,1404,396,761,392,724,397,645,445,648,561,611,512,514,644,537,838,561,957,659,1151,802,1159,338,618,211,626,191,433,174,381,96,130,20,0,0
2025-01-17,범골,3104,2864,5,0,48,23,147,27,365,62,394,172,269,88,219,98,171,152,160,146,214,159,167,152,156,224,145,218,194,248,185,325,119,256,53,147,40,139,30,138,19,65,4,25,0,0
2025-01-17,경전철의정부,3008,3357,3,0,40,27,28,77,73,70,174,342,106,329,129,242,140,240,160,211,181,264,192,222,254,186,222,219,257,224,357,277,140,144,173,93,135,75,143,48,71,45,30,22,0,0
2025-01-17,의정부시청,2068,2299,0,0,18,21,32,38,94,117,117,594,120,214,113,137,97,96,152,109,125,121,128,140,139,110,174,102,147,97,348,111,110,96,45,62,42,52,59,43,7,23,1,16,0,0
2025-01-17,흥선,2563,2562,4,0,59,20,80,50,191,64,303,168,214,97,183,123,141,127,145,129,179,166,182,157,119,183,152,176,171,226,191,236,106,184,47,120,43,110,33,128,18,79,2,19,0,0
2025-01-17,의정부중앙,4044,4255,2,0,36,55,70,76,128,102,240,309,150,269,189,295,232,234,261,316,290,339,305,350,362,338,362,287,342,274,317,376,206,238,156,134,165,101,112,100,93,41,26,21,0,0
2025-01-17,동오,2711,2629,6,0,62,26,97,57,229,59,262,108,211,92,195,91,147,117,186,161,179,123,163,172,161,189,132,218,178,240,146,321,93,216,83,125,74,117,61,110,42,62,4,25,0,0
2025-01-17,새말,1825,1605,5,0,38,11,62,17,176,41,267,83,145,54,107,45,115,62,101,83,110,72,82,81,109,106,96,111,118,137,117,194,54,152,40,71,28,92,32,97,19,59,4,37,0,0
2025-01-17,경기도청북부청사,3369,3509,5,0,21,43,76,70,133,100,202,326,137,299,130,199,196,206,250,239,173,277,199,201,310,212,265,228,303,260,350,303,178,205,153,102,114,85,121,86,43,43,10,25,0,0
2025-01-17,효자,910,892,3,0,8,28,21,39,50,47,69,74,60,39,46,30,79,32,60,51,40,73,57,67,49,65,121,40,87,55,73,87,23,54,23,29,15,33,15,23,8,17,3,9,0,0
2025-01-17,곤제,1426,1324,8,0,32,14,50,20,103,40,197,68,117,59,93,43,101,61,86,78,76,67,80,80,77,86,79,113,86,124,90,147,59,111,30,60,31,68,21,49,8,26,2,10,0,0
2025-01-17,어룡,2877,2771,13,0,38,37,110,43,215,125,317,448,197,123,136,73,107,101,155,100,169,143,143,142,153,159,150,160,198,236,374,283,152,182,78,112,43,101,74,99,49,72,6,32,0,0
2025-01-17,송산,2458,2415,21,0,49,12,72,33,173,35,270,160,146,126,165,90,176,128,185,126,171,159,178,143,163,186,153,186,132,203,159,271,72,204,48,114,64,104,39,73,20,40,2,22,0,0
2025-01-17,탑석,1727,1538,11,0,31,9,61,30,122,73,241,90,137,50,96,49,104,65,123,74,110,81,101,83,102,103,99,124,124,137,102,182,72,84,33,82,25,91,25,69,8,39,0,23,0,0
2025-01-18,발곡,2684,2709,23,0,50,16,71,26,134,44,187,99,213,77,240,89,264,165,294,160,226,189,214,199,197,215,151,232,110,224,102,225,58,171,49,153,41,138,43,135,15,92,2,60,0,0
2025-01-18,회룡,9234,9393,13,5,81,192,205,245,185,414,256,714,317,777,350,944,451,976,487,953,560,735,561,616,673,654,801,593,903,462,699,301,686,243,588,164,527,157,472,143,353,69,66,36,0,0
2025-01-18,범골,2332,2202,5,0,36,13,57,23,124,36,174,76,213,78,223,83,230,128,222,126,218,150,144,164,133,155,140,205,134,210,86,192,54,147,47,137,40,96,33,99,14,61,5,23,0,0
2025-01-18,경전철의정부,2360,2995,4,0,24,28,32,50,42,54,62,119,58,186,71,224,109,285,146,275,159,245,170,271,223,197,200,233,174,239,188,217,169,122,173,80,128,73,140,54,70,30,18,13,0,0
2025-01-18,의정부시청,1083,1070,0,0,20,7,15,24,28,52,56,83,79,88,61,93,78,78,94,85,82,89,91,81,91,59,85,55,82,55,101,58,33,37,23,44,23,35,24,20,9,23,8,4,0,0
2025-01-18,흥선,2031,1913,4,0,46,14,60,36,99,42,123,81,159,69,172,80,207,104,180,123,155,121,149,127,115,145,120,164,131,167,109,131,83,110,31,100,40,97,26,115,20,56,2,31,0,0
2025-01-18,의정부중앙,3488,3673,5,0,39,35,52,44,86,64,113,169,112,204,198,285,233,283,226,321,309,341,284,328,320,336,307,275,283,265,231,252,187,129,138,114,121,99,114,81,97,35,33,13,0,0
2025-01-18,동오,2235,2031,2,0,53,19,54,42,98,47,142,67,178,60,191,74,209,87,210,131,153,122,119,148,144,159,135,178,132,216,96,169,70,137,78,110,89,92,47,87,28,68,7,18,0,0
2025-01-18,새말,1480,1208,2,0,27,13,38,10,60,28,113,33,110,44,152,29,142,74,112,63,109,67,118,65,92,83,112,107,93,114,55,95,38,82,43,66,22,69,22,67,17,71,3,28,0,0
2025-01-18,경기도청북부청사,2642,2778,2,0,18,38,37,45,57,60,86,136,114,206,148,213,212,190,198,221,226,248,222,159,250,195,225,194,251,194,194,181,114,128,83,109,90,109,79,87,29,52,7,13,0,0
2025-01-18,효자,648,611,2,0,5,15,16,18,20,17,31,23,51,38,52,15,56,34,73,40,46,58,36,53,46,36,77,47,76,48,11,35,15,21,12,32,15,29,6,25,2,21,0,6,0,0
2025-01-18,곤제,1156,1150,2,0,22,21,29,21,42,33,72,31,108,43,150,47,126,55,104,79,81,71,88,65,67,104,66,101,59,103,48,97,20,70,29,54,19,52,20,56,4,34,0,13,0,0
2025-01-18,어룡,1959,1822,7,0,29,24,52,26,81,44,136,69,165,62,140,79,190,99,177,98,158,142,122,118,141,143,136,151,132,164,101,135,52,118,52,83,24,87,23,86,36,68,5,26,0,0
2025-01-18,송산,1959,1907,17,1,36,26,45,78,79,69,182,83,163,67,167,78,172,102,139,113,158,88,127,124,144,120,134,153,100,166,83,179,51,129,50,91,56,99,27,66,25,54,4,21,0,0
2025-01-18,탑석,1449,1149,10,0,16,19,27,20,64,35,83,30,136,43,124,30,116,50,139,64,123,77,127,68,100,108,94,105,84,91,79,80,46,76,20,78,24,63,27,59,10,39,0,14,0,0
2025-01-19,발곡,2106,2120,24,0,34,23,45,32,61,40,140,71,201,71,206,96,183,91,166,126,207,123,146,190,144,193,158,215,111,177,87,186,60,134,47,98,27,81,34,97,17,46,8,30,0,0
2025-01-19,회룡,6778,6663,7,2,66,132,70,146,117,250,154,504,275,657,308,677,270,540,378,621,453,517,545,453,627,415,666,440,584,363,578,268,411,207,389,187,383,120,297,103,174,46,26,15,0,0
2025-01-19,범골,1763,1656,1,0,30,17,35,16,65,21,117,37,157,63,226,111,148,77,160,113,156,93,149,146,135,132,113,174,77,156,55,135,41,99,28,86,36,75,23,62,8,33,3,10,0,0
2025-01-19,경전철의정부,1724,2028,2,0,29,23,20,29,18,26,44,43,44,127,64,150,71,171,106,210,123,245,115,199,147,157,182,177,153,113,171,118,102,68,129,55,78,47,80,36,34,26,12,8,0,0
2025-01-19,의정부시청,867,943,0,0,18,15,11,28,17,19,55,84,50,75,87,133,57,45,126,59,74,68,67,78,55,60,56,48,51,69,65,44,33,22,18,31,13,22,11,24,3,14,0,5,0,0
2025-01-19,흥선,1492,1502,5,0,36,14,24,34,52,28,111,27,148,59,137,91,106,77,150,65,124,104,100,108,101,112,114,139,79,113,62,124,42,91,30,79,33,91,24,94,11,36,3,16,0,0
2025-01-19,의정부중앙,2504,2635,2,0,25,23,30,36,39,35,63,90,84,114,116,221,106,158,146,270,174,281,259,288,250,263,207,192,220,183,193,133,161,113,140,69,114,78,94,60,63,21,18,7,0,0
2025-01-19,동오,1692,1576,3,0,36,24,48,26,52,25,108,38,148,50,161,81,115,73,156,105,121,118,120,124,126,137,86,143,90,144,81,120,65,103,61,82,56,62,33,72,23,31,3,18,0,0
2025-01-19,새말,1101,967,6,0,15,10,23,8,45,9,78,26,88,33,112,52,82,41,99,49,92,62,103,68,90,84,68,63,54,78,58,72,31,72,21,54,15,70,17,62,4,39,0,15,0,0
2025-01-19,경기도청북부청사,1858,1777,2,0,16,31,25,29,39,23,43,61,68,84,73,113,85,117,149,122,154,183,165,179,165,164,211,123,150,135,148,95,101,89,80,64,82,70,71,47,22,37,9,11,0,0
2025-01-19,효자,525,565,2,0,4,13,10,6,13,12,22,24,35,25,39,29,39,37,57,41,43,64,52,48,37,48,59,31,43,34,17,34,18,19,15,28,8,24,11,27,1,10,0,11,0,0
2025-01-19,곤제,845,813,5,0,18,14,24,14,23,12,68,21,80,35,97,40,67,27,73,37,65,72,48,46,57,78,51,66,42,85,42,76,33,48,15,39,11,37,20,40,6,15,0,11,0,0
2025-01-19,어룡,1325,1329,6,0,23,23,34,24,34,22,104,48,104,33,102,53,92,42,120,74,110,81,108,108,79,115,88,141,71,121,68,122,45,77,46,83,35,56,34,62,16,35,6,9,0,0
2025-01-19,송산,1337,1379,11,0,26,9,29,19,43,24,72,46,86,70,106,97,114,57,143,75,121,83,100,105,101,108,92,115,82,112,63,131,32,87,44,65,35,68,23,61,11,28,3,19,0,0
2025-01-19,탑석,1036,929,7,0,22,6,29,27,39,13,46,21,94,25,92,45,89,34,98,53,110,53,95,76,61,69,63,80,54,92,45,91,19,65,25,51,18,67,23,38,7,17,0,6,0,0
2025-01-20,발곡,3225,3228,33,0,72,22,186,35,378,54,452,131,266,111,226,107,210,162,199,159,202,140,199,194,179,213,150,275,129,303,119,345,68,410,58,177,44,139,36,146,18,75,1,30,0,0
2025-01-20,회룡,10710,10599,11,3,84,269,190,578,387,1392,813,1442,412,809,366,659,446,613,473,631,525,558,563,498,668,523,659,534,958,511,1158,698,1278,284,587,202,473,172,409,144,174,65,76,14,0,0
2025-01-20,범골,2966,2776,6,0,64,15,164,25,374,59,402,168,278,99,205,110,175,136,199,149,177,151,160,182,139,210,131,256,135,242,157,281,76,292,49,132,40,126,28,84,7,44,0,15,0,0
2025-01-20,경전철의정부,2804,3183,2,0,22,28,31,73,64,83,140,328,97,386,123,243,166,212,186,182,202,246,191,223,230,211,225,168,277,208,308,257,145,98,154,89,89,56,99,39,39,42,14,11,0,0
2025-01-20,의정부시청,2072,2262,0,0,16,32,43,49,87,131,120,550,116,199,87,130,127,121,131,119,128,139,131,127,139,134,175,116,156,95,365,125,89,65,58,46,53,28,39,38,10,9,2,9,0,0
2025-01-20,흥선,2506,2543,4,0,64,22,76,43,190,66,290,190,196,100,148,99,158,137,144,156,202,141,162,155,169,159,145,222,160,249,169,220,75,186,55,120,59,108,24,86,14,66,2,18,0,0
2025-01-20,의정부중앙,4013,4163,6,0,37,55,69,64,136,90,254,347,163,278,188,312,267,326,296,353,312,363,281,338,393,320,411,234,332,274,284,306,164,170,149,128,120,88,73,78,55,27,23,12,0,0
2025-01-20,동오,2556,2534,2,0,79,30,100,51,223,76,258,112,214,107,195,94,176,117,153,146,170,175,180,148,154,193,137,178,145,214,118,281,72,214,59,130,56,104,34,102,28,45,3,17,0,0
2025-01-20,새말,1737,1542,4,0,35,13,69,14,174,35,283,76,158,59,87,48,103,64,106,95,94,87,86,70,115,98,82,106,86,118,109,212,56,166,24,100,27,76,21,63,14,27,4,15,0,0
2025-01-20,경기도청북부청사,3336,3420,1,0,25,56,76,66,148,143,177,319,153,282,129,176,229,201,182,229,212,246,184,232,318,219,267,208,282,222,369,298,157,191,139,121,137,76,111,69,31,41,9,25,0,0
2025-01-20,효자,863,914,4,0,8,32,25,39,53,50,93,87,63,47,48,33,64,45,66,46,41,84,64,53,49,64,92,61,85,48,58,83,15,36,13,41,15,22,7,24,0,13,0,6,0,0
2025-01-20,곤제,1417,1377,4,0,26,17,55,21,109,45,231,78,135,71,83,46,82,70,96,80,85,78,91,76,69,117,69,145,88,108,78,135,44,98,22,70,25,42,19,42,5,31,1,7,0,0
2025-01-20,어룡,2865,2720,13,0,42,31,114,43,224,131,317,441,211,111,137,64,137,100,153,152,165,153,126,116,144,169,135,180,203,219,343,269,116,200,98,117,55,97,76,77,49,43,7,7,0,0
2025-01-20,송산,2351,2341,18,0,58,14,82,29,182,62,247,177,163,108,160,93,191,134,151,126,175,138,161,148,126,170,120,193,141,212,141,247,86,168,41,121,45,81,40,73,21,31,2,16,0,0
2025-01-20,탑석,1718,1450,17,0,34,19,54,23,129,71,282,83,148,53,111,55,76,65,130,73,123,90,82,91,107,92,80,130,94,120,127,177,55,81,21,81,22,59,19,54,5,22,2,11,0,0
2025-01-21,발곡,3284,3271,33,0,67,20,159,41,386,62,453,131,294,115,206,120,195,148,256,160,217,160,183,206,177,223,165,246,146,269,135,410,71,323,57,207,49,169,22,162,7,75,6,24,0,0
2025-01-21,회룡,10836,10751,15,3,82,277,184,549,414,1422,744,1369,447,830,375,728,425,638,492,670,528,531,563,491,618,573,731,530,925,535,1292,700,1110,301,629,204,537,183,435,147,218,60,72,10,0,0
2025-01-21,범골,2958,2845,5,0,58,20,157,27,383,65,385,172,273,92,195,104,176,158,204,137,193,176,162,172,145,203,121,209,149,251,158,293,67,266,43,153,37,144,30,132,11,53,6,18,0,0
2025-01-21,경전철의정부,2784,3116,6,0,26,32,35,72,71,89,145,356,88,361,154,233,198,192,160,216,175,228,171,221,204,207,212,175,262,190,276,245,151,83,174,72,118,71,98,34,53,31,7,8,0,0
2025-01-21,의정부시청,1958,2115,0,0,17,22,39,35,93,108,122,543,110,210,79,122,119,101,97,121,100,136,147,125,157,119,151,85,144,98,355,104,85,56,49,51,44,32,44,27,6,12,0,8,0,0
2025-01-21,흥선,2475,2481,3,0,55,17,89,33,189,58,300,183,230,137,173,136,153,117,177,126,172,137,171,159,109,147,111,183,164,231,158,241,80,157,51,114,53,133,25,97,10,54,2,21,0,0
2025-01-21,의정부중앙,3970,4205,2,0,45,55,44,67,134,91,253,295,162,282,206,293,208,318,260,324,334,343,336,354,324,336,410,267,365,303,292,335,180,195,153,131,113,97,90,66,47,38,12,15,0,0
2025-01-21,동오,2643,2612,3,0,60,30,96,57,249,76,269,144,235,116,206,124,200,129,173,141,184,160,139,158,179,177,128,167,128,216,120,307,67,192,61,140,64,110,46,97,26,58,10,13,0,0
2025-01-21,새말,1734,1580,4,0,32,10,75,18,174,42,258,82,140,61,109,49,107,70,114,82,104,68,95,88,101,99,81,97,93,151,97,198,35,144,42,106,30,84,22,73,17,43,4,15,0,0
2025-01-21,경기도청북부청사,3324,3578,5,0,27,50,68,65,138,130,185,338,147,339,153,193,242,209,181,225,187,288,223,221,299,230,214,214,290,262,357,280,142,199,153,122,147,94,120,65,35,38,11,16,0,0
2025-01-21,효자,955,869,3,0,8,22,28,35,60,48,79,71,64,38,62,53,70,38,66,57,52,87,58,40,77,58,100,56,100,55,66,75,22,41,14,35,14,23,8,20,4,17,0,0,0,0
2025-01-21,곤제,1438,1291,5,0,33,15,50,21,102,41,224,71,144,56,104,37,88,63,99,62,86,94,59,78,59,108,68,110,86,113,107,140,39,97,35,64,20,50,22,35,4,24,4,12,0,0
2025-01-21,어룡,2753,2705,10,0,40,32,119,46,228,139,319,451,199,120,138,78,141,89,149,113,154,143,119,106,144,149,126,186,160,219,323,273,112,213,95,120,65,75,68,89,38,45,6,19,0,0
2025-01-21,송산,2315,2288,24,0,54,20,78,29,175,53,284,180,141,118,155,114,166,112,159,133,154,151,136,123,143,155,150,174,147,192,134,266,71,149,52,107,44,91,32,53,13,50,3,18,0,0
2025-01-21,탑석,1705,1382,18,0,32,8,57,29,124,67,268,71,145,50,106,43,85,68,107,81,102,79,115,86,106,86,80,97,114,133,114,186,50,85,32,58,23,66,22,50,5,21,0,18,0,0
2025-01-22,발곡,3286,3347,34,0,67,24,152,35,400,62,424,123,296,104,196,124,201,136,205,197,198,188,186,197,199,216,171,240,145,249,158,418,69,350,77,205,48,194,37,148,18,103,5,34,0,0
2025-01-22,회룡,10828,10810,14,6,72,267,184,572,369,1388,753,1401,392,821,354,674,390,644,565,655,564,534,545,496,696,551,668,550,962,608,1275,704,1100,327,590,205,563,183,422,132,274,75,76,17,0,0
2025-01-22,범골,3151,2877,3,0,70,16,156,23,386,60,419,175,304,68,190,132,167,129,225,165,210,168,178,193,149,235,140,241,153,246,164,322,93,259,58,143,43,124,24,111,18,48,1,19,0,0
2025-01-22,경전철의정부,2968,3382,8,0,22,25,30,55,70,75,145,343,92,383,157,243,156,227,171,249,215,257,202,224,293,242,202,175,252,218,299,267,172,139,147,79,123,78,120,56,80,38,12,9,0,0
2025-01-22,의정부시청,2026,2201,0,0,14,28,44,40,93,114,133,534,113,204,103,151,120,92,103,115,109,164,128,118,136,98,148,97,160,82,358,117,98,67,59,52,59,54,42,53,6,17,0,4,0,0
2025-01-22,흥선,2466,2476,4,0,58,14,76,42,186,64,285,185,209,111,177,93,153,126,179,142,165,142,129,134,135,196,141,152,167,234,172,254,90,171,53,106,51,120,21,103,15,69,0,18,0,0
2025-01-22,의정부중앙,3983,4119,4,1,41,44,59,68,133,93,248,311,164,273,166,286,259,286,295,354,315,353,340,328,348,313,327,264,356,272,291,332,189,191,137,128,128,103,103,63,67,46,13,10,0,0
2025-01-22,동오,2675,2637,6,0,67,26,92,46,240,73,268,139,214,121,172,91,203,134,167,162,177,188,168,134,147,206,172,181,160,212,142,320,56,199,83,137,57,88,49,106,31,57,4,17,0,0
2025-01-22,새말,1768,1612,6,0,42,13,67,19,192,46,272,91,131,56,122,56,113,63,104,63,92,83,74,94,109,95,87,84,95,168,114,200,57,163,32,101,26,92,20,57,11,54,2,14,0,0
2025-01-22,경기도청북부청사,3391,3540,3,0,27,47,72,66,145,115,184,333,160,306,160,192,203,211,254,223,193,279,209,203,300,227,229,239,240,234,381,350,163,182,158,113,152,87,107,79,44,41,7,13,0,0
2025-01-22,효자,934,932,2,0,9,22,31,41,58,42,68,85,58,39,55,47,71,43,75,54,59,83,57,52,55,58,106,68,103,61,71,86,14,45,15,23,7,31,16,27,4,20,0,5,0,0
2025-01-22,곤제,1423,1349,4,0,28,22,50,24,110,42,211,71,123,66,87,40,95,56,108,57,86,91,66,81,66,97,76,128,84,119,111,143,55,110,21,60,19,62,17,47,4,22,2,11,0,0
2025-01-22,어룡,2909,2841,14,0,46,33,121,38,224,137,332,462,205,112,143,83,115,105,146,127,171,162,114,132,152,159,164,180,208,222,364,268,130,210,93,137,61,123,57,78,42,48,7,25,0,0
2025-01-22,송산,2434,2359,18,0,57,17,78,31,184,56,267,195,180,119,161,102,199,136,162,152,179,149,141,135,150,164,142,165,152,173,142,266,81,171,41,101,41,83,36,73,20,42,3,29,0,0
2025-01-22,탑석,1788,1468,14,0,23,19,54,24,112,61,274,76,141,47,132,72,121,83,126,84,123,91,84,72,91,101,110,129,141,134,95,184,57,75,42,67,24,57,16,52,8,26,0,14,0,0
2025-01-23,발곡,3213,3299,26,0,68,28,164,32,385,57,438,139,255,96,208,108,171,150,227,184,264,154,163,196,174,242,160,235,136,269,159,447,74,282,51,216,46,173,27,170,15,79,2,42,0,0
2025-01-23,회룡,11029,10742,13,5,81,247,169,566,360,1386,856,1414,393,821,393,643,385,607,531,634,507,587,620,529,679,530,660,553,948,594,1255,720,1110,313,661,201,589,185,432,128,300,71,87,8,0,0
2025-01-23,범골,3091,2919,7,0,51,21,154,27,361,58,404,189,277,91,204,111,190,148,195,161,201,159,194,195,165,213,154,242,162,253,151,326,80,243,55,163,40,129,31,110,14,68,1,12,0,0
2025-01-23,경전철의정부,2807,3365,5,0,21,24,34,59,76,85,153,354,96,368,109,249,162,215,164,267,208,262,200,219,254,199,228,174,242,218,276,277,160,120,138,87,114,77,87,55,68,48,12,8,0,0
2025-01-23,의정부시청,1996,2146,1,0,14,21,48,40,91,104,130,566,110,204,71,99,102,78,130,118,99,168,148,125,154,113,145,97,202,89,337,109,77,60,49,44,42,45,38,41,7,14,1,11,0,0
2025-01-23,흥선,2572,2572,4,0,63,11,87,38,176,51,303,182,228,120,158,96,172,137,187,133,170,160,170,178,150,189,151,206,147,230,145,281,87,159,61,114,64,99,26,98,22,68,1,22,0,0
2025-01-23,의정부중앙,4111,4267,5,1,37,51,60,71,153,99,234,319,179,302,193,295,253,348,306,307,296,333,313,369,390,333,357,263,358,294,329,333,177,164,148,141,112,88,110,94,80,45,21,17,0,0
2025-01-23,동오,2658,2584,3,0,58,31,98,58,251,66,277,136,211,96,186,111,166,111,201,144,170,174,182,143,149,185,144,209,141,235,116,283,82,196,77,138,54,106,53,89,32,58,7,15,0,0
2025-01-23,새말,1810,1668,9,0,33,9,63,25,179,31,264,82,143,77,120,38,120,55,105,83,101,92,115,76,92,113,83,133,110,141,108,197,62,172,35,88,26,95,24,85,13,51,5,25,0,0
2025-01-23,경기도청북부청사,3327,3513,4,0,26,44,65,57,136,153,185,319,127,326,139,186,189,165,262,244,190,257,232,240,296,218,250,258,276,244,366,273,136,184,133,103,146,77,133,96,26,46,10,23,0,0
2025-01-23,효자,853,891,2,0,6,27,28,37,45,48,87,77,74,60,56,38,67,43,53,67,47,66,56,52,52,60,108,46,74,57,46,69,18,48,9,21,10,34,14,18,1,20,0,3,0,0
2025-01-23,곤제,1387,1267,7,0,26,15,59,18,108,45,204,66,129,66,93,41,101,53,92,67,89,74,69,77,71,121,63,107,74,104,74,136,34,87,34,47,36,60,14,53,10,29,0,1,0,0
2025-01-23,어룡,2898,2826,10,0,41,33,116,42,224,142,308,428,233,119,116,94,141,112,161,137,178,159,108,131,151,182,172,177,210,195,368,287,123,193,87,141,58,91,66,85,25,50,2,28,0,0
2025-01-23,송산,2311,2324,23,0,49,15,68,35,184,50,274,182,160,97,136,93,152,130,168,156,165,173,188,139,103,176,159,162,153,200,141,226,50,173,46,102,31,92,33,67,23,39,5,17,0,0
2025-01-23,탑석,1795,1419,18,0,34,10,50,30,122,59,257,78,163,44,106,38,91,56,112,68,117,96,100,77,125,98,87,123,127,132,121,190,62,84,42,80,28,51,19,57,13,36,1,12,0,0
2025-01-24,발곡,3453,3421,32,0,84,23,147,32,370,63,450,110,283,138,247,127,221,159,218,174,214,209,191,204,184,217,187,299,169,315,154,423,121,301,71,208,45,136,39,154,16,83,10,46,0,0
2025-01-24,회룡,10853,10840,8,2,72,264,167,532,335,1321,778,1404,446,763,384,684,406,610,482,638,609,573,592,550,568,581,835,554,1078,622,1116,739,993,326,558,246,554,181,450,146,313,83,109,21,0,0
2025-01-24,범골,3138,2832,5,0,61,14,152,21,350,45,427,163,274,101,220,132,179,160,202,155,209,177,214,203,176,223,125,245,157,250,164,247,91,223,54,138,34,113,26,127,14,69,4,26,0,0
2025-01-24,경전철의정부,3056,3681,3,0,25,32,29,62,71,65,137,359,117,398,176,272,189,280,172,234,192,289,226,230,211,208,234,225,242,282,347,332,155,137,159,95,136,69,130,50,86,42,19,20,0,0
2025-01-24,의정부시청,2000,2227,0,0,18,23,42,34,82,110,115,522,105,189,105,144,122,122,76,126,137,147,133,121,142,122,179,118,136,96,362,97,88,80,65,46,32,61,54,34,7,30,0,5,0,0
2025-01-24,흥선,2644,2589,4,0,58,18,75,39,167,53,298,183,223,100,183,116,168,119,181,163,182,164,166,170,171,215,158,199,195,202,163,220,99,159,69,119,49,121,23,140,10,68,2,21,0,0
2025-01-24,의정부중앙,4556,4774,2,0,39,45,57,61,132,83,243,364,177,310,209,337,255,374,359,352,367,395,381,384,410,400,439,355,367,336,324,345,215,203,181,146,150,105,113,108,102,54,34,17,0,0
2025-01-24,동오,2779,2769,4,0,61,27,86,36,219,70,286,138,244,114,192,122,156,128,199,164,189,166,213,194,146,201,159,224,169,215,129,331,71,220,71,120,70,113,58,104,52,62,5,20,0,0
2025-01-24,새말,1850,1679,5,0,34,17,66,18,153,39,258,96,132,60,136,45,126,60,96,86,116,88,108,87,96,109,113,114,105,158,102,206,59,127,43,99,45,88,35,82,19,60,3,40,0,0
2025-01-24,경기도청북부청사,3602,3715,4,0,31,55,78,57,116,121,187,334,151,300,161,221,215,218,295,247,205,314,216,252,360,239,298,212,297,288,349,323,171,191,167,102,132,75,112,90,48,55,9,21,0,0
2025-01-24,효자,931,877,3,0,6,23,21,37,58,48,76,74,65,44,68,41,65,43,66,61,60,79,62,68,62,55,95,50,89,70,62,46,26,39,11,35,8,26,19,17,9,17,0,4,0,0
2025-01-24,곤제,1502,1399,3,0,30,18,46,26,119,36,228,72,137,79,106,51,113,70,78,88,109,86,78,90,69,100,83,118,90,143,83,132,54,84,33,56,26,57,10,49,6,32,1,12,0,0
2025-01-24,어룡,2984,2752,12,0,45,32,100,50,233,109,326,430,196,112,139,77,154,109,178,136,160,134,157,133,190,187,208,201,268,211,278,252,114,165,57,120,56,108,68,94,35,62,10,30,0,0
2025-01-24,송산,2495,2494,17,0,47,15,69,42,167,52,268,182,154,93,162,92,151,120,181,134,174,152,148,162,192,194,138,209,186,205,161,273,84,194,51,111,60,91,49,95,32,54,4,24,0,0
2025-01-24,탑석,1870,1584,14,0,31,19,50,25,112,63,263,71,147,53,123,58,105,76,148,87,118,69,114,118,117,117,109,124,116,155,143,174,67,92,32,85,26,61,23,65,10,46,2,26,0,0
2025-01-25,발곡,2564,2590,24,0,56,23,66,35,120,44,162,102,184,76,235,100,265,144,232,179,224,205,220,188,179,213,159,214,146,222,100,208,63,151,54,118,36,115,23,121,16,86,0,46,0,0
2025-01-25,회룡,8348,8317,14,4,95,208,213,218,178,380,253,651,299,696,368,745,383,758,506,758,552,733,579,650,555,540,704,469,754,411,699,323,506,245,414,194,538,130,404,126,287,63,47,15,0,0
2025-01-25,범골,2397,2170,5,0,33,17,64,17,117,32,165,98,188,89,224,85,222,125,216,155,257,162,169,190,157,185,161,159,127,173,103,182,61,153,59,102,29,121,29,72,9,43,2,10,0,0
2025-01-25,경전철의정부,2309,2916,4,0,33,16,29,45,46,54,60,111,53,195,88,274,106,265,130,258,173,296,178,220,172,218,183,220,194,201,208,174,159,115,160,93,105,65,115,56,72,32,41,8,0,0
2025-01-25,의정부시청,1152,1097,1,0,14,8,14,12,34,58,67,79,82,69,63,98,75,83,114,89,84,101,107,67,93,92,77,62,81,87,106,50,44,33,48,39,17,26,24,25,6,16,1,3,0,0
2025-01-25,흥선,1922,1954,2,0,45,14,49,25,96,53,150,60,159,83,149,99,175,93,186,121,156,153,156,140,124,144,103,171,130,155,85,149,59,137,33,96,31,79,19,106,12,48,3,28,0,0
2025-01-25,의정부중앙,3967,4225,4,0,32,42,50,54,62,62,104,200,150,260,240,334,243,360,293,351,373,415,382,445,364,379,343,330,316,307,270,226,212,142,149,107,165,85,110,72,87,36,18,18,0,0
2025-01-25,동오,2107,1985,4,0,46,24,49,53,104,47,138,64,174,60,183,98,182,105,139,131,177,119,138,117,133,146,109,169,139,171,88,171,72,157,56,98,72,97,60,79,39,60,5,19,0,0
2025-01-25,새말,1404,1281,6,0,25,8,27,10,44,25,108,42,103,39,115,71,148,63,123,64,108,79,128,95,98,100,111,94,108,92,53,109,30,94,18,82,13,65,18,70,16,61,4,18,0,0
2025-01-25,경기도청북부청사,2660,2712,3,0,21,33,36,50,51,54,87,127,110,193,142,222,213,205,235,223,262,242,233,205,227,140,223,162,211,215,173,187,120,124,131,86,89,102,71,70,20,56,2,16,0,0
2025-01-25,효자,700,621,3,0,7,20,12,20,25,16,34,23,58,31,42,26,62,30,74,32,61,59,72,41,50,67,54,38,71,56,36,45,10,19,15,31,3,29,9,21,0,15,2,2,0,0
2025-01-25,곤제,1203,1099,6,0,21,10,25,9,49,25,70,28,114,46,171,68,108,70,97,82,82,76,82,71,74,80,85,83,58,110,71,115,31,52,26,67,10,35,17,42,4,21,2,9,0,0
2025-01-25,어룡,1978,1903,10,0,27,25,38,20,74,46,135,69,166,65,171,88,175,114,157,116,153,139,146,144,145,134,119,158,134,178,99,154,78,103,51,98,36,86,38,84,24,61,2,21,0,0
2025-01-25,송산,1976,1972,18,0,30,27,28,102,73,74,188,73,199,88,160,81,153,95,170,100,160,153,121,124,124,144,116,148,124,165,93,181,49,109,55,84,43,87,29,73,37,34,6,30,0,0
2025-01-25,탑석,1460,1188,13,0,26,17,33,22,47,37,82,35,143,33,114,56,110,47,145,52,148,73,118,106,97,85,89,102,85,119,84,106,32,65,27,54,28,75,22,48,15,33,2,23,0,0
2025-01-26,발곡,2148,2141,16,0,36,20,50,16,67,38,110,55,161,68,220,92,210,102,218,133,204,167,182,144,142,205,125,192,110,181,82,208,73,142,52,110,45,72,20,110,21,54,4,32,0,0
2025-01-26,회룡,6568,6509,6,1,47,115,73,151,125,256,146,438,250,570,313,607,273,610,386,598,523,540,485,476,595,403,464,446,582,354,525,272,382,207,374,164,396,144,339,97,241,49,43,11,0,0
2025-01-26,범골,1987,1813,1,0,34,8,39,16,79,24,108,46,179,60,195,94,178,84,178,122,179,122,188,148,136,163,131,147,110,181,80,151,56,109,52,84,29,99,22,66,9,64,4,25,0,0
2025-01-26,경전철의정부,1873,2331,3,0,34,23,20,27,21,27,38,47,49,126,73,180,60,188,85,225,102,241,118,250,168,169,187,186,178,172,213,148,155,85,136,77,87,75,75,54,48,24,23,7,0,0
2025-01-26,의정부시청,934,973,1,0,7,17,11,25,23,30,46,78,40,85,103,145,64,68,135,62,68,58,108,75,66,46,55,58,53,67,74,36,27,34,18,21,17,25,11,21,4,19,3,3,0,0
2025-01-26,흥선,1543,1581,2,0,23,13,25,28,48,32,116,35,123,60,131,103,129,82,144,76,157,117,145,120,101,139,109,123,94,133,68,109,37,88,30,94,30,79,15,81,12,52,4,17,0,0
2025-01-26,의정부중앙,3358,3585,4,0,28,22,37,43,37,47,65,101,85,134,165,260,179,300,220,354,275,448,323,417,337,331,355,282,346,251,260,176,173,129,110,93,146,84,108,69,87,30,18,14,0,0
2025-01-26,동오,1623,1596,2,0,45,20,30,23,45,32,102,49,117,49,148,77,138,66,134,113,130,120,116,115,106,155,109,135,79,153,57,111,49,104,58,62,82,80,46,72,27,45,3,15,0,0
2025-01-26,새말,1215,1071,1,0,9,7,26,10,45,12,73,30,90,35,103,38,103,47,106,64,137,65,110,69,125,77,80,90,60,110,47,63,34,65,21,75,26,76,13,74,5,41,1,23,0,0
2025-01-26,경기도청북부청사,2061,2093,0,0,16,32,31,34,25,25,45,70,63,98,98,148,123,153,147,138,196,195,171,175,207,216,195,166,217,147,141,142,105,82,104,102,71,74,64,43,32,39,10,14,0,0
2025-01-26,효자,588,534,2,0,9,5,11,5,20,12,17,13,38,25,29,36,59,36,57,53,48,58,42,42,54,32,62,49,61,37,23,31,14,11,12,28,12,13,6,22,11,18,1,8,0,0
2025-01-26,곤제,953,881,5,0,19,15,18,13,25,16,57,17,86,30,89,37,87,43,81,53,73,70,75,72,54,76,57,73,54,82,49,74,38,63,23,43,29,45,26,32,8,20,0,7,0,0
2025-01-26,어룡,1605,1507,8,0,25,19,29,16,51,28,93,41,110,48,144,57,142,70,140,114,135,110,114,115,90,116,102,137,125,124,80,122,58,77,47,76,34,73,52,87,24,52,2,25,0,0
2025-01-26,송산,1462,1428,7,0,24,13,28,16,39,19,83,48,105,49,128,94,97,73,170,58,151,83,131,108,81,110,110,119,69,156,53,114,47,96,42,68,56,78,20,68,18,48,3,10,0,0
2025-01-26,탑석,1232,1061,4,0,16,19,24,17,41,16,67,30,86,28,119,45,112,56,132,56,122,100,94,67,82,82,72,88,75,102,55,102,28,54,39,54,37,59,18,41,8,29,1,16,0,0
2025-01-27,발곡,2061,2084,16,0,45,23,56,26,97,46,149,81,135,58,139,84,184,84,161,127,171,137,190,138,139,181,122,166,121,215,132,160,53,122,57,123,44,86,32,122,16,55,2,50,0,0
2025-01-27,회룡,6525,6457,12,3,64,162,94,184,151,299,235,451,211,511,325,484,311,535,442,543,400,521,403,496,547,430,521,424,567,377,518,309,431,213,376,172,362,147,327,120,175,60,53,16,0,0
2025-01-27,범골,2111,2046,5,0,34,19,55,18,103,40,135,70,156,66,180,100,167,134,208,134,187,120,170,154,144,197,128,160,148,176,102,189,62,113,47,100,48,100,16,75,13,60,3,21,0,0
2025-01-27,경전철의정부,2050,2548,5,0,30,13,20,39,34,36,55,89,62,154,84,150,84,198,97,222,95,249,153,213,150,216,143,249,207,215,213,172,135,91,122,99,120,64,114,36,98,30,29,13,0,0
2025-01-27,의정부시청,721,703,0,0,11,16,11,10,27,27,34,68,50,37,48,46,38,49,65,50,72,40,55,44,43,44,62,35,68,45,46,62,26,37,23,25,20,22,17,23,5,10,0,13,0,0
2025-01-27,흥선,1593,1569,4,0,41,15,33,19,55,33,125,48,135,72,118,72,110,101,128,98,153,105,130,125,121,130,117,122,96,130,90,111,43,104,38,61,20,77,22,78,13,44,1,24,0,0
2025-01-27,의정부중앙,3529,3766,3,0,23,24,34,41,56,67,81,146,118,253,186,297,208,309,251,342,324,401,350,368,380,315,336,247,272,238,256,232,207,137,119,106,113,87,92,87,95,50,25,19,0,0
2025-01-27,동오,1719,1655,4,0,29,23,46,31,63,33,95,55,90,51,144,79,144,78,113,95,147,108,130,107,117,121,109,141,121,171,90,137,70,110,62,79,65,87,39,83,31,51,10,15,0,0
2025-01-27,새말,1189,1047,7,0,18,11,25,9,52,16,91,16,98,34,97,48,99,50,77,64,101,53,84,77,90,94,76,90,84,90,65,102,33,78,19,64,33,52,23,54,13,32,4,13,0,0
2025-01-27,경기도청북부청사,2211,2153,1,0,17,35,30,42,39,62,59,116,97,123,107,157,178,140,152,122,141,184,190,161,218,168,187,158,200,144,191,171,94,122,92,61,86,84,88,49,33,39,11,15,0,0
2025-01-27,효자,512,485,3,0,6,14,6,14,15,31,24,34,37,22,28,25,38,18,60,30,59,38,50,31,58,39,29,28,48,22,14,31,13,30,12,21,6,22,6,16,0,15,0,4,0,0
2025-01-27,곤제,945,837,4,0,22,10,29,15,46,22,65,13,63,27,78,27,77,66,64,57,88,65,70,51,69,71,64,59,70,66,51,80,16,50,20,46,14,35,26,40,7,30,2,7,0,0
2025-01-27,어룡,1622,1537,5,0,27,23,35,25,59,31,117,58,117,61,89,52,125,67,130,73,143,128,84,101,131,127,103,128,101,137,99,139,70,105,57,61,47,78,63,69,16,54,4,20,0,0
2025-01-27,송산,1430,1445,12,0,25,11,28,20,57,18,78,53,97,64,117,70,106,65,121,77,111,90,130,106,89,108,83,115,96,147,83,141,68,89,40,79,41,78,27,47,19,50,2,17,0,0
2025-01-27,탑석,1162,969,16,0,20,9,23,22,35,23,84,28,88,33,76,44,96,62,107,43,102,73,85,88,85,83,96,83,78,66,59,83,34,64,28,36,13,52,28,40,7,21,2,16,0,0
2025-01-28,발곡,1522,1480,13,0,38,14,38,21,50,27,78,51,83,40,121,63,143,77,124,78,146,116,108,99,121,103,126,112,96,132,77,139,53,93,66,81,23,93,10,57,7,49,1,35,0,0
2025-01-28,회룡,4843,4477,7,0,39,98,82,117,125,167,113,249,170,308,208,351,254,416,307,380,315,366,336,335,375,325,426,310,403,298,361,225,322,170,279,150,285,89,249,72,163,42,24,9,0,0
2025-01-28,범골,1417,1392,3,0,28,10,33,24,56,26,65,40,84,53,88,58,122,66,132,77,131,109,113,88,110,116,116,155,96,108,87,120,59,89,35,83,29,65,20,57,7,37,3,11,0,0
2025-01-28,경전철의정부,1253,1521,2,0,18,14,25,26,20,25,34,37,34,68,49,91,57,82,65,113,70,174,91,120,98,133,112,135,120,128,83,123,90,83,71,68,70,39,57,38,78,16,9,8,0,0
2025-01-28,의정부시청,492,496,0,0,6,11,17,14,17,19,33,30,31,32,28,31,33,36,36,27,42,36,31,40,37,26,38,37,34,36,38,19,24,18,9,21,16,29,14,14,4,16,4,4,0,0
2025-01-28,흥선,1164,1188,1,0,27,9,33,29,47,25,71,27,90,45,78,59,83,68,97,64,107,86,88,88,88,85,89,105,74,99,73,91,39,74,35,54,14,49,18,74,11,38,1,19,0,0
2025-01-28,의정부중앙,2350,2491,3,0,32,10,30,30,34,49,55,79,66,123,121,157,139,220,195,232,189,239,196,230,230,226,223,261,242,160,159,150,114,98,104,71,76,63,62,59,69,29,11,5,0,0
2025-01-28,동오,1138,1167,4,0,32,15,32,30,35,29,61,38,61,39,66,50,93,50,69,84,89,69,93,69,70,97,94,111,87,93,71,96,52,72,42,51,40,38,34,74,13,48,0,14,0,0
2025-01-28,새말,717,710,1,0,11,11,20,11,26,12,36,11,43,12,70,29,71,46,56,39,76,46,51,43,43,63,48,52,43,68,46,58,20,47,17,30,16,45,10,36,11,40,2,11,0,0
2025-01-28,경기도청북부청사,1392,1462,0,0,13,24,26,44,36,37,31,58,69,65,54,80,89,111,113,109,101,105,98,152,154,117,119,114,103,114,112,99,67,63,65,54,61,49,60,27,16,31,5,9,0,0
2025-01-28,효자,264,265,0,0,6,10,9,9,12,7,14,5,27,8,12,13,15,11,17,18,29,13,22,19,22,30,19,17,13,17,10,26,12,7,8,9,5,24,10,7,2,13,0,2,0,0
2025-01-28,곤제,620,611,1,0,13,17,13,17,19,16,25,14,34,20,49,19,48,35,51,46,40,35,41,33,56,53,64,75,44,50,35,47,24,44,14,20,17,20,20,32,11,13,1,5,0,0
2025-01-28,어룡,1017,946,6,0,22,15,22,18,35,22,54,43,50,32,71,40,85,37,81,62,65,66,100,64,74,63,80,69,77,102,59,79,47,54,26,49,16,44,22,47,21,30,4,10,0,0
2025-01-28,송산,1054,1062,5,0,16,14,29,14,29,22,53,33,66,35,70,36,92,52,89,76,81,57,86,78,87,73,89,83,70,116,54,92,27,61,32,66,30,52,21,47,22,39,6,16,0,0
2025-01-28,탑석,759,694,4,0,17,18,23,17,20,12,27,30,48,20,52,20,62,42,71,35,56,50,59,38,64,59,61,72,40,72,45,42,36,41,26,43,26,41,13,17,9,17,0,8,0,0
2025-01-29,발곡,1157,1296,14,0,22,16,34,25,45,44,55,51,63,56,86,55,97,61,95,77,108,85,95,97,87,90,68,93,74,109,63,109,59,70,38,62,25,59,12,72,13,41,4,20,0,4
2025-01-29,회룡,4572,4284,5,2,51,105,72,107,156,162,165,212,212,232,202,295,239,372,320,377,278,309,308,399,363,308,383,295,413,261,312,248,259,170,229,167,238,124,203,86,128,40,31,13,5,0
2025-01-29,범골,1109,1096,6,0,22,16,27,11,51,35,39,45,56,50,102,51,85,53,92,58,77,65,106,60,81,94,66,80,71,95,67,76,60,72,41,69,28,62,22,52,8,39,2,12,0,1
2025-01-29,경전철의정부,1093,1187,3,0,19,9,23,28,18,20,44,36,29,36,44,50,30,68,64,73,59,104,56,98,59,108,87,99,98,90,97,112,71,86,75,57,88,46,58,31,53,29,16,5,2,2
2025-01-29,의정부시청,401,395,0,0,5,9,14,2,12,23,33,27,24,13,36,26,19,27,33,29,25,26,29,19,30,21,19,34,29,29,26,23,21,16,13,21,12,20,13,15,8,11,0,4,0,0
2025-01-29,흥선,975,1015,0,0,33,9,32,29,35,33,71,49,62,59,46,59,64,50,74,39,69,49,76,55,59,67,61,80,88,75,75,85,45,52,31,49,25,55,19,70,7,34,3,17,0,0
2025-01-29,의정부중앙,1392,1502,2,0,17,11,20,21,31,22,53,59,58,56,46,52,62,79,59,101,81,117,92,125,82,147,113,134,125,109,114,138,96,101,103,82,69,60,88,39,56,34,23,15,2,0
2025-01-29,동오,1064,1087,4,0,19,17,34,21,34,22,57,50,40,47,61,44,72,61,78,70,81,64,87,60,83,73,72,89,56,102,63,110,43,67,61,47,58,36,36,48,17,43,8,16,0,0
2025-01-29,새말,655,606,2,0,13,10,15,12,33,24,36,19,19,23,26,21,47,26,44,20,75,35,37,40,49,43,51,56,46,71,56,47,36,36,16,38,25,37,11,20,17,17,1,8,0,3
2025-01-29,경기도청북부청사,871,887,1,0,14,20,22,31,23,18,33,44,41,37,42,38,56,57,50,53,46,46,63,55,66,49,72,53,82,92,75,66,39,55,50,49,51,52,24,37,17,28,4,7,0,0
2025-01-29,효자,274,293,0,0,4,7,9,4,14,17,19,13,15,6,14,11,17,20,9,8,16,30,31,22,38,22,21,30,19,27,13,20,9,6,6,14,11,15,8,16,1,4,0,1,0,0
2025-01-29,곤제,541,471,4,0,15,9,23,14,26,11,29,17,21,28,23,29,39,18,62,33,28,31,42,33,50,27,43,29,28,40,40,33,23,29,18,17,12,24,10,26,5,16,0,7,0,0
2025-01-29,어룡,779,809,7,0,14,13,12,16,17,22,35,39,34,43,38,41,65,41,50,47,49,37,60,46,56,50,62,67,54,74,67,61,44,34,39,36,26,42,23,50,23,29,4,21,0,0
2025-01-29,송산,821,842,10,0,11,9,25,15,23,18,41,30,38,39,46,23,65,34,63,44,61,42,67,57,57,52,61,63,65,88,47,84,29,62,37,44,31,50,20,40,17,36,7,12,0,0
2025-01-29,탑석,654,558,4,0,18,4,9,20,16,21,40,26,46,23,38,21,36,26,35,31,45,36,44,37,59,36,57,39,49,39,60,50,32,28,23,35,19,42,14,20,10,12,0,8,0,4
2025-01-30,발곡,1471,1449,13,0,32,16,33,23,45,31,58,54,88,29,107,33,129,64,140,59,127,59,134,95,131,133,97,165,101,143,71,143,51,98,36,82,35,67,25,81,14,41,4,33,0,0
2025-01-30,회룡,4837,4946,6,0,46,92,60,104,91,167,114,217,116,307,217,393,212,442,264,478,265,439,377,386,396,403,420,340,390,336,438,293,300,154,310,146,298,104,303,93,155,36,57,16,2,0
2025-01-30,범골,1314,1244,4,0,31,8,25,16,40,22,40,27,78,39,99,36,123,37,135,66,103,68,103,86,131,81,98,110,85,142,55,115,39,93,45,93,33,74,27,72,17,49,3,10,0,0
2025-01-30,경전철의정부,1531,1894,4,0,14,11,14,20,16,22,31,44,21,70,23,72,47,143,54,163,72,243,137,191,139,192,178,185,153,179,170,100,101,63,130,63,91,47,90,50,36,29,9,5,1,2
2025-01-30,의정부시청,422,506,1,1,4,6,11,6,8,8,23,29,24,33,26,25,34,24,32,37,31,28,28,40,33,38,29,45,42,45,27,21,22,18,10,33,16,27,17,23,1,12,3,7,0,0
2025-01-30,흥선,1133,1148,4,0,24,10,23,23,35,18,70,26,65,23,80,41,66,54,98,62,105,52,101,75,98,101,82,102,85,104,80,91,36,77,32,75,22,75,15,81,11,37,1,21,0,0
2025-01-30,의정부중앙,1992,2059,1,0,19,12,26,23,33,27,40,45,56,72,66,109,86,142,106,207,150,177,131,237,161,206,181,167,207,162,172,148,127,94,122,60,115,57,98,71,68,32,25,10,2,1
2025-01-30,동오,1330,1175,0,0,33,11,26,16,29,18,47,27,67,38,98,34,90,51,99,88,119,55,95,81,111,90,115,137,87,109,85,93,43,90,53,55,63,68,44,64,22,37,3,13,1,0
2025-01-30,새말,822,684,3,0,13,10,17,10,18,6,36,10,37,12,44,32,91,20,88,27,95,37,79,52,75,51,48,48,59,54,40,63,33,56,16,60,11,43,14,40,5,41,0,12,0,0
2025-01-30,경기도청북부청사,1446,1353,1,0,11,21,24,27,19,15,21,55,37,49,56,59,93,99,100,69,107,124,113,100,162,125,140,117,136,113,122,102,81,67,80,58,60,60,55,40,24,31,4,22,0,0
2025-01-30,효자,312,310,2,0,6,6,9,6,14,8,12,4,16,8,26,12,23,15,40,17,22,27,28,24,22,21,25,24,16,30,13,20,11,19,8,19,8,22,7,15,3,11,1,2,0,0
2025-01-30,곤제,691,643,1,0,6,17,14,13,19,12,32,7,32,23,32,35,56,27,71,34,63,39,66,55,49,35,59,72,64,49,29,53,23,44,30,30,18,31,15,39,8,21,4,7,0,0
2025-01-30,어룡,1122,1014,6,0,17,12,24,16,32,13,46,31,68,24,74,29,90,46,93,56,90,72,81,80,99,92,78,76,75,92,72,77,42,59,37,74,32,66,36,58,27,21,3,19,0,1
2025-01-30,송산,1029,1082,5,0,12,16,13,9,27,15,48,25,51,41,62,48,106,50,95,57,96,43,88,72,79,57,68,115,87,96,50,103,42,80,30,64,34,74,19,57,15,29,2,25,0,6
2025-01-30,탑석,844,759,3,0,8,19,14,14,24,18,30,15,44,16,41,27,61,29,89,37,64,53,95,52,82,64,78,62,64,60,54,59,32,46,27,56,11,59,14,42,8,18,1,13,0,0
2025-01-31,발곡,3027,2973,27,0,65,26,121,27,316,49,367,129,211,95,165,95,218,128,209,168,192,139,190,162,192,196,158,246,179,252,157,385,79,300,65,182,57,156,30,115,22,78,7,45,0,0
2025-01-31,회룡,9575,9642,13,4,81,230,128,428,319,1152,668,1048,364,624,343,584,359,591,454,617,504,570,515,526,494,547,702,495,759,604,1071,704,939,324,546,187,494,156,438,150,286,82,98,19,0,0
2025-01-31,범골,2826,2575,5,0,47,18,110,15,303,44,347,154,230,85,193,108,164,120,206,126,187,120,166,155,184,190,136,202,157,240,156,285,91,207,65,149,37,139,30,127,11,65,1,26,0,0
2025-01-31,경전철의정부,2847,3437,3,0,16,21,30,46,51,68,111,289,86,314,138,246,164,230,143,242,170,276,202,255,235,269,237,214,263,229,328,311,142,140,160,109,102,77,141,45,100,48,25,8,0,0
2025-01-31,의정부시청,1806,1938,1,0,15,26,36,22,71,95,99,495,104,183,94,129,98,105,94,95,104,105,141,125,132,95,128,95,126,80,346,85,87,59,40,50,28,26,48,50,11,14,3,4,0,0
2025-01-31,흥선,2128,2135,6,0,51,18,66,31,132,45,227,152,174,85,126,78,121,105,146,140,164,120,126,123,128,153,129,162,168,166,140,184,80,136,53,111,31,119,39,113,14,66,7,28,0,0
2025-01-31,의정부중앙,3479,3730,6,1,30,41,53,57,106,71,210,241,149,241,175,263,184,271,268,280,265,260,211,269,260,290,300,257,297,289,274,351,199,186,129,115,133,88,125,89,77,49,28,21,0,0
2025-01-31,동오,2361,2233,6,0,47,20,79,45,210,52,248,110,156,69,164,99,143,89,151,115,142,108,141,132,154,169,152,172,151,205,132,277,78,174,72,127,65,93,38,92,29,61,3,24,0,0
2025-01-31,새말,1661,1469,8,0,35,10,50,15,147,36,211,85,124,51,114,49,99,51,101,76,92,74,118,70,117,101,109,108,99,126,103,173,54,131,27,77,17,82,25,74,7,55,4,25,0,0
2025-01-31,경기도청북부청사,3153,3215,5,0,22,41,60,54,114,120,147,296,124,267,130,171,172,137,239,213,169,244,190,203,297,214,235,214,301,238,366,262,166,188,121,131,129,79,105,66,54,47,7,30,0,0
2025-01-31,효자,752,752,3,0,8,20,17,27,46,45,51,65,48,40,46,39,63,33,47,43,38,70,37,57,66,46,76,44,104,36,47,57,19,33,10,25,11,20,8,23,6,21,1,8,0,0
2025-01-31,곤제,1191,1154,4,0,30,11,49,15,79,44,169,54,113,54,75,48,81,59,82,62,84,69,51,55,52,85,58,102,78,89,68,125,40,97,40,48,13,33,14,53,8,37,3,14,0,0
2025-01-31,어룡,2527,2406,15,0,31,29,73,44,183,77,245,331,173,90,135,84,111,73,140,128,142,142,125,110,165,133,171,184,179,178,283,256,113,161,73,124,38,98,80,76,47,61,5,27,0,0
2025-01-31,송산,2084,2031,14,0,34,13,61,25,146,44,232,147,124,92,137,78,131,85,150,107,139,144,110,127,164,130,114,138,124,153,153,236,83,165,55,96,51,91,35,83,22,49,5,28,0,0
2025-01-31,탑석,1631,1306,11,0,28,10,38,27,102,60,242,81,126,54,104,40,78,46,97,70,128,57,115,68,89,104,108,106,116,121,103,163,49,95,42,51,24,55,19,47,10,28,2,23,0,0
